15/05/2019 09:16:00,0,23,-2,0.89,-1,39,101,93
15/05/2019 09:16:00,0,22,-2,0.89,-1,39,101,93
15/05/2019 09:16:10,0,22,-2,0.89,-1,38,102,93
15/05/2019 09:16:20,0,22,-2,0.89,-1,38,101,93
15/05/2019 09:16:30,0,22,-2,0.89,-1,39,101,93
15/05/2019 09:16:40,0,22,0,0.89,-1,39,102,93
15/05/2019 09:17:00,0,22,-2,0.89,-1,39,102,93
15/05/2019 09:17:10,0,22,0,0.89,-1,39,101,93
15/05/2019 09:17:20,0,22,0,0.89,-1,38,101,93
15/05/2019 09:17:30,0,22,0,0.89,-1,38,101,93
15/05/2019 09:17:40,0,22,-2,0.89,-1,39,102,93
15/05/2019 09:17:50,0,22,0,0.89,-1,39,101,93
15/05/2019 09:18:00,0,21,0,0.89,-1,39,101,93
15/05/2019 09:18:10,0,21,0,0.89,-1,39,101,93
15/05/2019 09:18:20,0,21,0,0.89,-1,38,101,93
15/05/2019 09:18:30,0,21,-2,0.89,-1,39,101,93
15/05/2019 09:18:40,0,21,-2,0.89,-1,39,101,93
15/05/2019 09:18:50,0,21,0,0.89,-1,39,99,93
15/05/2019 09:19:00,0,20,0,0.89,-1,40,100,93
15/05/2019 09:19:10,0,21,0,0.89,-1,40,101,93
15/05/2019 09:19:20,0,21,-2,0.89,-1,40,101,93
15/05/2019 09:19:30,0,21,0,0.89,-1,39,101,93
15/05/2019 09:19:40,0,21,0,0.89,-1,40,101,93
15/05/2019 09:19:50,0,20,0,0.89,-1,39,101,93
15/05/2019 09:20:00,0,20,0,0.89,-1,39,102,93
15/05/2019 09:20:10,0,20,0,0.89,-1,40,102,92
15/05/2019 09:20:20,0,20,0,0.89,-1,40,101,93
15/05/2019 09:20:30,0,20,0,0.89,-1,40,101,93
15/05/2019 09:20:40,0,21,0,0.89,-1,41,102,93
15/05/2019 09:20:50,0,21,0,0.89,-1,41,102,93
15/05/2019 09:21:00,0,21,1,0.89,-1,40,101,93
15/05/2019 09:21:10,0,21,1,0.89,-1,39,101,93
15/05/2019 09:21:20,0,21,0,0.89,-1,39,101,92
15/05/2019 09:21:30,0,21,1,0.89,-1,41,101,93
15/05/2019 09:21:40,0,21,0,0.89,-1,40,101,93
15/05/2019 09:22:00,0,20,0,0.89,-1,41,100,93
15/05/2019 09:22:10,0,21,0,0.89,-1,40,100,93
15/05/2019 09:22:20,0,21,1,0.89,-1,40,101,93
15/05/2019 09:22:30,0,22,0,0.89,-1,40,101,93
15/05/2019 09:22:40,0,22,0,0.89,-1,40,102,93
15/05/2019 09:22:50,0,22,0,0.89,-1,40,101,92
15/05/2019 09:23:00,0,22,-2,0.89,-1,39,102,93
15/05/2019 09:23:10,0,22,0,0.89,-1,39,101,93
15/05/2019 09:23:20,0,22,0,0.89,-1,39,101,93
15/05/2019 09:23:30,0,22,-2,0.89,-1,39,101,93
15/05/2019 09:23:40,0,22,0,0.89,-1,39,100,93
15/05/2019 09:23:50,0,22,0,0.89,-1,39,102,93
15/05/2019 09:24:00,0,22,0,0.89,-1,38,102,93
15/05/2019 09:24:10,0,22,0,0.89,-1,37,102,93
15/05/2019 09:24:20,0,22,0,0.89,-1,37,102,93
15/05/2019 09:24:30,0,22,0,0.89,-1,37,100,93
15/05/2019 09:24:40,0,22,0,0.89,-1,36,101,92
15/05/2019 09:24:50,0,23,0,0.89,-1,37,102,93
15/05/2019 09:25:00,0,23,0,0.89,-1,37,102,93
15/05/2019 09:25:10,0,23,0,0.89,-1,37,100,93
15/05/2019 09:25:20,0,23,0,0.89,-1,38,101,93
15/05/2019 09:25:30,0,23,-2,0.89,-1,38,101,93
15/05/2019 09:25:40,0,23,0,0.89,-1,37,102,93
15/05/2019 09:25:50,0,23,0,0.89,-1,37,100,92
15/05/2019 09:26:00,0,23,0,0.89,-1,37,100,93
15/05/2019 09:26:10,0,23,0,0.89,-1,37,102,92
15/05/2019 09:26:20,0,23,0,0.89,-1,37,102,93
15/05/2019 09:26:30,0,22,0,0.89,-1,36,101,93
15/05/2019 09:26:40,0,22,0,0.89,-1,37,100,93
15/05/2019 09:26:50,0,23,0,0.89,-1,38,101,92
15/05/2019 09:27:00,0,23,0,0.89,-1,37,101,93
15/05/2019 09:27:10,0,23,0,0.89,-1,37,101,92
15/05/2019 09:27:20,0,23,0,0.89,-1,37,101,92
15/05/2019 09:27:30,0,23,0,0.89,-1,38,101,93
15/05/2019 09:27:40,0,23,-3,0.89,-1,38,101,92
15/05/2019 09:27:50,0,23,-4,0.89,-1,37,101,93
15/05/2019 09:28:00,0,23,-5,0.89,-1,36,101,93
15/05/2019 09:28:10,0,23,-7,0.89,-1,36,101,93
15/05/2019 09:28:20,0,23,-8,0.89,-1,37,101,92
15/05/2019 09:28:30,0,23,-8,0.89,-1,37,101,92
15/05/2019 09:28:40,0,23,-9,0.89,-1,37,101,92
15/05/2019 09:28:50,0,22,-10,0.89,-1,37,100,92
15/05/2019 09:29:00,0,23,-9,0.89,-1,37,102,93
15/05/2019 09:29:10,0,22,-9,0.89,-1,38,101,92
15/05/2019 09:29:20,0,22,-9,0.89,-1,37,101,92
15/05/2019 09:29:30,0,21,-10,0.89,-1,38,100,92
15/05/2019 09:29:40,0,22,-8,0.89,-1,37,101,92
15/05/2019 09:29:50,0,22,-9,0.89,-1,38,101,92
15/05/2019 09:30:00,0,22,-9,0.89,-1,38,100,92
15/05/2019 09:30:10,0,22,-9,0.89,-1,39,101,91
15/05/2019 09:30:20,0,22,-8,0.89,-1,39,101,93
15/05/2019 09:30:30,0,22,-9,0.89,-1,39,101,92
15/05/2019 09:30:40,0,22,-9,0.89,-1,39,102,92
15/05/2019 09:30:50,0,22,-10,0.89,-1,39,101,92
15/05/2019 09:31:00,0,22,-9,0.89,-1,38,101,92
15/05/2019 09:31:10,0,22,-11,0.89,-1,39,101,91
15/05/2019 09:31:20,0,22,-13,0.89,-1,39,101,93
15/05/2019 09:31:30,0,22,-16,0.89,-1,38,101,92
15/05/2019 09:31:40,0,22,-19,0.89,-1,38,101,92
15/05/2019 09:31:50,0,21,-21,0.89,-1,37,101,91
15/05/2019 09:32:00,0,21,-19,0.89,-1,38,101,92
15/05/2019 09:32:10,0,21,-20,0.89,-1,38,101,92
15/05/2019 09:32:20,0,22,-19,0.89,-1,38,100,92
15/05/2019 09:32:30,0,22,-20,0.89,-1,37,101,92
15/05/2019 09:32:40,0,22,-20,0.89,-1,37,101,92
15/05/2019 09:32:50,0,22,-20,0.89,-1,37,101,92
15/05/2019 09:33:00,0,22,-20,0.89,-1,37,101,92
15/05/2019 09:33:10,0,22,-20,0.89,-1,37,101,92
15/05/2019 09:33:20,0,22,-19,0.89,-1,37,101,92
15/05/2019 09:33:30,0,21,-20,0.89,-1,38,101,91
15/05/2019 09:33:40,0,21,-20,0.89,-1,38,101,93
15/05/2019 09:33:50,0,21,-20,0.89,-1,38,101,92
15/05/2019 09:34:00,0,21,-20,0.89,-1,39,101,92
15/05/2019 09:34:10,0,21,-21,0.89,-1,39,101,93
15/05/2019 09:34:20,0,21,-20,0.89,-1,39,101,92
15/05/2019 09:34:30,0,21,-21,0.89,-1,39,101,91
15/05/2019 09:34:40,0,21,-19,0.89,-1,39,101,92
15/05/2019 09:35:00,0,22,-20,0.89,-1,38,100,92
15/05/2019 09:35:10,0,22,-20,0.89,-1,39,102,92
15/05/2019 09:35:20,0,23,-20,0.89,-1,39,102,92
15/05/2019 09:35:30,0,23,-21,0.89,-1,39,102,92
15/05/2019 09:35:40,0,23,-20,0.89,-1,39,102,92
15/05/2019 09:35:50,0,23,-20,0.89,-1,39,102,91
15/05/2019 09:36:00,0,24,-19,0.89,-1,38,102,92
15/05/2019 09:36:10,0,24,-21,0.89,-1,37,102,91
15/05/2019 09:36:20,0,24,-20,0.89,-1,35,101,91
15/05/2019 09:36:30,0,24,-19,0.89,-1,37,101,92
15/05/2019 09:36:40,43,26,-20,0.89,-1,36,101,91
15/05/2019 09:36:50,122,26,-18,0.89,-1,39,101,92
15/05/2019 09:37:00,63,24,-17,0.89,-1,41,101,91
15/05/2019 09:37:10,26,23,-16,0.89,-1,36,100,92
15/05/2019 09:37:20,11,23,-16,0.89,-1,36,100,91
15/05/2019 09:37:30,59,24,-16,0.89,-1,37,101,92
15/05/2019 09:37:40,33,24,-15,0.89,-1,39,101,91
15/05/2019 09:37:50,22,24,-16,0.89,-1,35,101,91
15/05/2019 09:38:00,156,27,-15,0.89,-1,36,101,91
15/05/2019 09:38:10,162,27,-14,0.89,-1,42,100,91
15/05/2019 09:38:20,285,34,-14,0.89,-1,39,100,92
15/05/2019 09:38:30,285,35,-17,0.89,-1,35,101,91
15/05/2019 09:38:40,137,32,-18,0.89,-1,26,101,92
15/05/2019 09:38:50,109,31,-17,0.89,-1,26,101,91
15/05/2019 09:39:00,79,31,-18,0.89,-1,28,101,91
15/05/2019 09:39:10,63,30,-17,0.89,-1,27,101,91
15/05/2019 09:39:20,132,32,-15,0.89,-1,27,101,91
15/05/2019 09:39:30,184,33,-15,0.89,-1,30,101,92
15/05/2019 09:39:40,138,31,-12,0.89,-1,29,101,91
15/05/2019 09:39:50,99,30,-14,0.89,-1,27,101,91
15/05/2019 09:40:00,105,30,-12,0.89,-1,29,101,91
15/05/2019 09:40:10,110,29,-11,0.89,-1,29,101,91
15/05/2019 09:40:20,68,27,-11,0.89,-1,30,101,91
15/05/2019 09:40:30,62,27,-11,0.89,-1,31,101,92
15/05/2019 09:40:40,80,27,-11,0.89,-1,32,101,91
15/05/2019 09:40:50,75,28,-10,0.89,-1,32,101,92
15/05/2019 09:41:00,61,28,-10,0.89,-1,32,101,91
15/05/2019 09:41:10,59,28,-11,0.89,-1,31,101,92
15/05/2019 09:41:20,83,29,-10,0.89,-1,30,101,91
15/05/2019 09:41:30,104,30,-10,0.89,-1,31,100,91
15/05/2019 09:41:40,186,31,-9,0.89,-1,34,101,92
15/05/2019 09:41:50,124,30,-10,0.89,-1,34,101,91
15/05/2019 09:42:00,135,32,-10,0.89,-1,31,102,90
15/05/2019 09:42:10,137,31,-8,0.89,-1,33,101,92
15/05/2019 09:42:20,144,32,-8,0.89,-1,32,101,91
15/05/2019 09:42:30,153,32,-9,0.89,-1,35,101,91
15/05/2019 09:42:40,69,31,-9,0.89,-1,29,101,91
15/05/2019 09:42:50,35,32,-9,0.89,-1,27,101,91
15/05/2019 09:43:00,25,32,-9,0.89,-1,27,101,91
15/05/2019 09:43:10,38,32,-9,0.89,-1,27,101,91
15/05/2019 09:43:20,257,35,-10,0.89,-1,28,100,91
15/05/2019 09:43:30,262,35,-8,0.89,-1,30,101,91
15/05/2019 09:43:40,285,35,-7,0.89,-1,31,101,91
15/05/2019 09:43:50,167,34,-7,0.89,-1,28,101,91
15/05/2019 09:44:00,78,34,-6,0.89,-1,25,101,91
15/05/2019 09:44:10,104,34,-6,0.89,-1,25,101,91
15/05/2019 09:44:20,84,33,-5,0.89,-1,28,101,91
15/05/2019 09:44:30,100,32,-4,0.89,-1,27,101,91
15/05/2019 09:44:40,173,37,-4,0.89,-1,28,101,91
15/05/2019 09:44:50,223,37,-5,0.89,-1,32,101,91
15/05/2019 09:45:00,197,40,-5,0.89,-1,24,101,90
15/05/2019 09:45:10,225,40,-4,0.89,-1,27,101,90
15/05/2019 09:45:20,285,41,-4,0.89,-1,26,100,91
15/05/2019 09:45:30,285,40,-4,0.89,-1,21,101,90
15/05/2019 09:45:40,275,40,-4,0.89,-1,21,101,90
15/05/2019 09:45:50,174,37,-2,0.89,-1,24,101,90
15/05/2019 09:46:00,103,38,-2,0.89,-1,21,101,91
15/05/2019 09:46:10,243,39,-5,0.89,-1,22,101,90
15/05/2019 09:46:20,262,39,-4,0.89,-1,25,101,90
15/05/2019 09:46:30,171,37,-6,0.89,-1,23,100,90
15/05/2019 09:46:40,132,33,-9,0.89,-1,21,101,90
15/05/2019 09:46:50,115,36,-7,0.89,-1,24,102,90
15/05/2019 09:47:00,123,36,-8,0.89,-1,25,102,90
15/05/2019 09:47:10,197,38,-4,0.89,-1,24,101,89
15/05/2019 09:47:20,285,40,-2,0.89,-1,25,101,89
15/05/2019 09:47:30,285,39,-2,0.89,-1,34,101,90
15/05/2019 09:47:40,285,38,0,0.89,-1,23,101,90
15/05/2019 09:48:00,170,39,-2,0.89,-1,21,101,90
15/05/2019 09:48:10,108,39,0,0.89,-1,22,101,90
15/05/2019 09:48:20,140,39,0,0.89,-1,21,101,90
15/05/2019 09:48:30,220,40,0,0.89,-1,22,101,90
15/05/2019 09:48:40,278,40,0,0.89,-1,26,101,90
15/05/2019 09:48:50,285,40,0,0.89,-1,21,101,90
15/05/2019 09:49:00,251,40,0,0.89,-1,23,101,89
15/05/2019 09:49:10,285,40,-2,0.89,-1,21,101,90
15/05/2019 09:49:20,232,40,-4,0.89,-1,22,101,90
15/05/2019 09:49:30,168,40,-4,0.89,-1,20,101,90
15/05/2019 09:49:40,285,41,-2,0.89,-1,20,101,90
15/05/2019 09:49:50,285,41,-3,0.89,-1,24,101,90
15/05/2019 09:50:00,285,41,-3,0.89,-1,22,101,90
15/05/2019 09:50:10,285,40,-3,0.89,-1,22,101,90
15/05/2019 09:50:20,285,40,-4,0.89,-1,22,101,90
15/05/2019 09:50:30,285,41,0,0.89,-1,22,101,90
15/05/2019 09:50:40,285,43,0,0.89,-1,26,101,90
15/05/2019 09:50:50,285,42,0,0.89,-1,20,100,90
15/05/2019 09:51:00,285,43,0,0.89,-1,19,101,90
15/05/2019 09:51:10,285,41,0,0.89,-1,21,101,90
15/05/2019 09:51:20,285,41,0,0.89,-1,19,101,90
15/05/2019 09:51:30,285,41,0,0.89,-1,19,101,90
15/05/2019 09:51:40,171,42,0,0.89,-1,19,101,90
15/05/2019 09:51:50,116,42,0,0.89,-1,19,102,90
15/05/2019 09:52:00,150,41,0,0.89,-1,19,100,90
15/05/2019 09:52:10,89,37,-4,0.89,-1,20,101,90
15/05/2019 09:52:20,62,38,-3,0.89,-1,20,101,91
15/05/2019 09:52:30,48,37,-5,0.89,-1,22,101,90
15/05/2019 09:52:40,35,38,-4,0.89,-1,21,101,90
15/05/2019 09:52:50,24,38,-4,0.89,-1,21,101,90
15/05/2019 09:53:00,18,37,-3,0.89,-1,22,101,90
15/05/2019 09:53:10,12,38,-4,0.89,-1,23,101,90
15/05/2019 09:53:20,0,38,-4,0.89,-1,24,101,90
15/05/2019 09:53:30,0,38,-4,0.89,-1,22,101,89
15/05/2019 09:53:40,0,38,-4,0.89,-1,22,100,90
15/05/2019 09:53:50,0,38,-4,0.89,-1,22,101,90
15/05/2019 09:54:00,0,38,-4,0.89,-1,22,101,91
15/05/2019 09:54:10,0,39,-3,0.89,-1,22,101,90
15/05/2019 09:54:20,15,39,-4,0.89,-1,21,101,90
15/05/2019 09:54:30,19,39,-3,0.89,-1,21,101,90
15/05/2019 09:54:40,23,38,-4,0.89,-1,20,102,89
15/05/2019 09:54:50,24,38,-4,0.89,-1,20,101,90
15/05/2019 09:55:00,24,36,-4,0.89,-1,20,101,90
15/05/2019 09:55:10,24,35,-4,0.89,-1,21,101,90
15/05/2019 09:55:20,19,36,-3,0.89,-1,22,101,89
15/05/2019 09:55:30,14,34,-4,0.89,-1,23,101,90
15/05/2019 09:55:40,0,32,-4,0.89,-1,23,101,90
15/05/2019 09:55:50,0,34,-3,0.89,-1,24,101,90
15/05/2019 09:56:00,0,35,-4,0.89,-1,26,101,89
15/05/2019 09:56:10,0,35,-4,0.89,-1,25,101,89
15/05/2019 09:56:20,0,35,-3,0.89,-1,24,101,90
15/05/2019 09:56:30,0,35,-4,0.89,-1,24,101,90
15/05/2019 09:56:40,0,35,-3,0.89,-1,24,101,90
15/05/2019 09:56:50,0,35,-3,0.89,-1,24,101,90
15/05/2019 09:57:00,0,34,-3,0.89,-1,24,101,89
15/05/2019 09:57:10,0,34,-3,0.89,-1,25,102,90
15/05/2019 09:57:20,0,34,-3,0.89,-1,24,101,90
15/05/2019 09:57:30,0,34,-3,0.89,-1,24,101,90
15/05/2019 09:57:40,0,34,-3,0.89,-1,25,101,89
15/05/2019 09:57:50,0,34,-3,0.89,-1,25,101,90
15/05/2019 09:58:00,0,33,-3,0.89,-1,24,101,89
15/05/2019 09:58:10,0,32,-3,0.89,-1,25,101,88
15/05/2019 09:58:20,0,33,-3,0.89,-1,25,101,90
15/05/2019 09:58:30,0,33,-3,0.89,-1,25,101,89
15/05/2019 09:58:40,0,33,-4,0.89,-1,25,101,90
15/05/2019 09:58:50,0,33,-3,0.89,-1,26,101,90
15/05/2019 09:59:00,0,33,-3,0.89,-1,26,101,89
15/05/2019 09:59:10,0,33,-4,0.89,-1,26,101,90
15/05/2019 09:59:20,0,32,-4,0.89,-1,26,101,89
15/05/2019 09:59:30,0,32,-4,0.89,-1,27,101,89
15/05/2019 09:59:40,0,32,-4,0.89,-1,27,101,90
15/05/2019 10:00:00,0,32,-4,0.89,-1,27,101,90
15/05/2019 10:00:10,0,32,-3,0.89,-1,27,101,89
15/05/2019 10:00:20,0,32,-3,0.89,-1,27,101,89
15/05/2019 10:00:30,0,32,-4,0.89,-1,27,101,89
15/05/2019 10:00:40,0,32,-4,0.89,-1,27,101,89
15/05/2019 10:00:50,0,32,-4,0.89,-1,27,101,90
15/05/2019 10:01:00,0,32,-4,0.89,-1,28,101,89
15/05/2019 10:01:10,0,31,-3,0.89,-1,28,101,89
15/05/2019 10:01:20,0,32,-4,0.89,-1,28,101,89
15/05/2019 10:01:30,0,31,-3,0.89,-1,28,101,89
15/05/2019 10:01:40,0,31,-3,0.89,-1,28,101,89
15/05/2019 10:01:50,0,31,-4,0.89,-1,28,100,89
15/05/2019 10:02:00,0,31,-3,0.89,-1,28,101,89
15/05/2019 10:02:10,0,31,-4,0.89,-1,28,101,89
15/05/2019 10:02:20,0,31,-3,0.89,-1,28,101,89
15/05/2019 10:02:30,0,31,-3,0.89,-1,28,101,89
15/05/2019 10:02:40,0,31,-3,0.89,-1,28,101,89
15/05/2019 10:02:50,0,31,-3,0.89,-1,28,101,89
15/05/2019 10:03:00,0,31,-4,0.89,-1,28,101,89
15/05/2019 10:03:10,0,30,-3,0.89,-1,28,101,89
15/05/2019 10:03:20,0,30,-4,0.89,-1,28,101,89
15/05/2019 10:03:30,0,30,-3,0.89,-1,28,101,89
15/05/2019 10:03:40,0,30,-3,0.89,-1,29,101,89
15/05/2019 10:03:50,0,29,-4,0.89,-1,28,101,89
15/05/2019 10:04:00,0,30,-4,0.89,-1,29,101,89
15/05/2019 10:04:10,0,30,-3,0.89,-1,29,101,89
15/05/2019 10:04:20,0,30,-3,0.89,-1,30,101,89
15/05/2019 10:04:30,0,30,-3,0.89,-1,30,101,89
15/05/2019 10:04:40,0,30,-4,0.89,-1,29,101,88
15/05/2019 10:04:50,0,30,-2,0.89,-1,28,101,89
15/05/2019 10:05:00,0,29,-4,0.89,-1,29,100,89
15/05/2019 10:05:10,0,29,-4,0.89,-1,29,101,89
15/05/2019 10:05:20,0,30,-4,0.89,-1,30,102,90
15/05/2019 10:05:30,0,29,-4,0.89,-1,30,102,89
15/05/2019 10:05:40,0,29,-3,0.89,-1,30,101,90
15/05/2019 10:05:50,0,29,-4,0.89,-1,31,102,89
15/05/2019 10:06:00,0,29,-4,0.89,-1,30,101,89
15/05/2019 10:06:10,0,29,-4,0.89,-1,30,102,89
15/05/2019 10:06:20,0,29,-4,0.89,-1,30,102,89
15/05/2019 10:06:30,0,29,-3,0.89,-1,30,102,89
15/05/2019 10:06:40,0,29,-3,0.89,-1,31,101,88
15/05/2019 10:06:50,0,29,-3,0.89,-1,31,101,89
15/05/2019 10:07:00,0,29,-4,0.89,-1,31,101,88
15/05/2019 10:07:10,0,29,-3,0.89,-1,31,101,88
15/05/2019 10:07:20,0,29,-4,0.89,-1,31,101,89
15/05/2019 10:07:30,0,29,-4,0.89,-1,30,101,88
15/05/2019 10:07:40,0,29,-3,0.89,-1,30,101,89
15/05/2019 10:07:50,0,29,-4,0.89,-1,30,101,89
15/05/2019 10:08:00,0,29,-4,0.89,-1,31,101,89
15/05/2019 10:08:10,0,28,-5,0.89,-1,31,101,89
15/05/2019 10:08:20,0,28,-4,0.89,-1,31,101,89
15/05/2019 10:08:30,0,28,-4,0.89,-1,30,101,88
15/05/2019 10:08:40,0,28,-4,0.89,-1,31,102,89
15/05/2019 10:08:50,0,28,-4,0.89,-1,32,102,89
15/05/2019 10:09:00,0,28,-4,0.89,-1,33,102,89
15/05/2019 10:09:10,0,28,-4,0.89,-1,33,102,88
15/05/2019 10:09:20,0,28,-4,0.89,-1,31,102,89
15/05/2019 10:09:30,0,28,-4,0.89,-1,32,102,88
15/05/2019 10:09:40,0,28,-4,0.89,-1,31,102,89
15/05/2019 10:09:50,0,28,-3,0.89,-1,32,102,88
15/05/2019 10:10:00,0,28,-4,0.89,-1,32,102,88
15/05/2019 10:10:10,0,28,-4,0.89,-1,31,102,89
15/05/2019 10:10:20,0,28,-5,0.89,-1,31,102,88
15/05/2019 10:10:30,0,28,-4,0.89,-1,31,102,88
15/05/2019 10:10:40,0,28,-5,0.89,-1,32,102,89
15/05/2019 10:10:50,0,28,-4,0.89,-1,31,102,88
15/05/2019 10:11:00,0,28,-4,0.89,-1,30,102,88
15/05/2019 10:11:10,0,28,-4,0.89,-1,32,102,88
15/05/2019 10:11:20,0,28,-4,0.89,-1,32,102,89
15/05/2019 10:11:30,0,28,-3,0.89,-1,32,102,88
15/05/2019 10:11:40,0,28,-4,0.89,-1,31,102,88
15/05/2019 10:11:50,0,28,-3,0.89,-1,31,101,89
15/05/2019 10:12:00,0,29,0,0.89,-1,31,102,88
15/05/2019 10:12:10,0,29,0,0.89,-1,31,102,89
15/05/2019 10:12:20,0,29,1,0.89,-1,32,102,88
15/05/2019 10:12:30,0,29,1,0.89,-1,31,102,88
15/05/2019 10:12:40,0,29,0,0.89,-1,30,102,88
15/05/2019 10:13:00,0,29,0,0.89,-1,30,102,88
15/05/2019 10:13:10,0,29,0,0.89,-1,30,102,88
15/05/2019 10:13:20,0,29,0,0.89,-1,30,102,88
15/05/2019 10:13:30,0,29,0,0.89,-1,30,102,88
15/05/2019 10:13:40,0,29,0,0.89,-1,30,102,88
15/05/2019 10:13:50,0,29,1,0.89,-1,30,102,88
15/05/2019 10:14:00,0,29,0,0.89,-1,30,102,88
15/05/2019 10:14:10,0,29,0,0.89,-1,30,102,88
15/05/2019 10:14:20,0,28,0,0.89,-1,30,102,88
15/05/2019 10:14:30,0,28,1,0.89,-1,30,102,89
15/05/2019 10:14:40,0,29,1,0.89,-1,32,102,88
15/05/2019 10:14:50,0,29,2,0.89,-1,32,102,88
15/05/2019 10:15:00,0,28,0,0.89,-1,31,102,88
15/05/2019 10:15:10,0,29,0,0.89,-1,30,102,86
15/05/2019 10:15:20,0,29,0,0.89,-1,30,102,88
15/05/2019 10:15:30,0,29,0,0.89,-1,30,102,88
15/05/2019 10:15:40,0,29,0,0.89,-1,30,102,88
15/05/2019 10:15:50,0,29,1,0.89,-1,29,102,88
15/05/2019 10:16:00,0,29,1,0.89,-1,29,102,88
15/05/2019 10:16:10,0,29,0,0.89,-1,29,102,88
15/05/2019 10:16:20,0,29,0,0.89,-1,29,102,88
15/05/2019 10:16:30,0,29,0,0.89,-1,29,102,87
15/05/2019 10:16:40,0,29,0,0.89,-1,30,102,87
15/05/2019 10:16:50,0,29,0,0.89,-1,30,102,88
15/05/2019 10:17:00,0,29,0,0.89,-1,30,102,88
15/05/2019 10:17:10,0,29,0,0.89,-1,30,102,85
15/05/2019 10:17:20,0,29,0,0.89,-1,30,102,88
15/05/2019 10:17:30,0,29,0,0.89,-1,30,102,88
15/05/2019 10:17:40,0,28,0,0.89,-1,31,101,88
15/05/2019 10:17:50,0,26,1,0.89,-1,31,101,88
15/05/2019 10:18:00,0,27,0,0.89,-1,32,101,88
15/05/2019 10:18:10,0,27,0,0.89,-1,34,101,88
15/05/2019 10:18:20,0,28,0,0.89,-1,34,101,88
15/05/2019 10:18:30,0,26,0,0.89,-1,34,101,88
15/05/2019 10:18:40,0,25,0,0.89,-1,32,101,88
15/05/2019 10:18:50,0,26,-4,0.89,-1,34,101,86
15/05/2019 10:19:00,0,25,-8,0.89,-1,34,101,87
15/05/2019 10:19:10,0,26,-11,0.89,-1,35,101,87
15/05/2019 10:19:20,0,26,-15,0.89,-1,35,101,87
15/05/2019 10:19:30,0,25,-18,0.89,-1,33,101,87
15/05/2019 10:19:40,0,26,-21,0.89,-1,32,101,87
15/05/2019 10:19:50,0,26,-21,0.89,-1,32,101,87
15/05/2019 10:20:00,0,26,-22,0.89,-1,32,101,87
15/05/2019 10:20:10,0,25,-23,0.89,-1,32,101,87
15/05/2019 10:20:20,0,25,-24,0.89,-1,31,101,87
15/05/2019 10:20:30,0,25,-26,0.89,-1,32,101,87
15/05/2019 10:20:40,0,25,-29,0.89,-1,32,101,88
15/05/2019 10:20:50,0,25,-29,0.89,-1,33,101,87
15/05/2019 10:21:00,0,25,-29,0.89,-1,33,101,87
15/05/2019 10:21:10,0,25,-29,0.89,-1,34,101,86
15/05/2019 10:21:20,0,25,-30,0.89,-1,34,101,87
15/05/2019 10:21:30,0,25,-29,0.89,-1,32,101,87
15/05/2019 10:21:40,0,25,-30,0.89,-1,33,101,87
15/05/2019 10:21:50,0,25,-29,0.89,-1,32,101,87
15/05/2019 10:22:00,0,25,-30,0.89,-1,33,101,87
15/05/2019 10:22:10,0,25,-30,0.89,-1,34,101,88
15/05/2019 10:22:20,0,25,-30,0.89,-1,33,101,86
15/05/2019 10:22:30,0,25,-33,0.89,-1,34,101,87
15/05/2019 10:22:40,0,25,-35,0.89,-1,33,101,87
15/05/2019 10:22:50,0,25,-38,0.89,-1,32,101,87
15/05/2019 10:23:00,0,24,-39,0.89,-1,32,101,87
15/05/2019 10:23:10,0,25,-39,0.89,-1,33,101,87
15/05/2019 10:23:20,0,25,-39,0.89,-1,33,101,87
15/05/2019 10:23:30,0,25,-39,0.89,-1,33,101,86
15/05/2019 10:23:40,0,25,-39,0.89,-1,33,101,87
15/05/2019 10:23:50,0,25,-40,0.89,-1,33,101,87
15/05/2019 10:24:00,0,25,-39,0.89,-1,32,101,87
15/05/2019 10:24:10,0,25,-39,0.89,-1,33,101,87
15/05/2019 10:24:20,0,25,-39,0.89,-1,34,101,87
15/05/2019 10:24:30,0,25,-40,0.89,-1,33,101,87
15/05/2019 10:24:40,0,25,-39,0.89,-1,33,100,87
15/05/2019 10:25:00,0,25,-38,0.89,-1,33,101,87
15/05/2019 10:25:10,0,25,-39,0.89,-1,33,102,87
15/05/2019 10:25:20,0,25,-38,0.89,-1,33,102,87
15/05/2019 10:25:30,0,26,-38,0.89,-1,33,101,86
15/05/2019 10:25:40,0,26,-38,0.89,-1,33,101,87
15/05/2019 10:25:50,0,25,-39,0.89,-1,33,101,86
15/05/2019 10:26:00,0,26,-38,0.89,-1,34,101,87
15/05/2019 10:26:10,0,26,-38,0.89,-1,33,101,87
15/05/2019 10:26:20,0,26,-38,0.89,-1,33,101,86
15/05/2019 10:26:30,0,26,-38,0.89,-1,33,101,86
15/05/2019 10:26:40,0,26,-38,0.89,-1,33,101,86
15/05/2019 10:26:50,0,26,-38,0.89,-1,33,101,86
15/05/2019 10:27:00,0,26,-38,0.89,-1,34,101,86
15/05/2019 10:27:10,0,26,-38,0.89,-1,34,101,85
15/05/2019 10:27:20,0,26,-38,0.89,-1,33,101,86
15/05/2019 10:27:30,0,26,-37,0.89,-1,33,101,86
15/05/2019 10:27:40,0,26,-38,0.89,-1,32,101,86
15/05/2019 10:27:50,0,26,-38,0.89,-1,33,101,86
15/05/2019 10:28:00,0,26,-38,0.89,-1,32,101,87
15/05/2019 10:28:10,0,26,-39,0.89,-1,31,101,86
15/05/2019 10:28:20,0,26,-38,0.89,-1,31,101,86
15/05/2019 10:28:30,0,26,-39,0.89,-1,32,101,87
15/05/2019 10:28:40,0,26,-39,0.89,-1,32,101,87
15/05/2019 10:28:50,0,26,-39,0.89,-1,31,101,86
15/05/2019 10:29:00,0,26,-39,0.89,-1,30,100,87
15/05/2019 10:29:10,0,26,-39,0.89,-1,32,101,86
15/05/2019 10:29:20,0,26,-38,0.89,-1,32,101,86
15/05/2019 10:29:30,0,26,-38,0.89,-1,32,102,86
15/05/2019 10:29:40,0,26,-39,0.89,-1,32,101,87
15/05/2019 10:29:50,31,27,-39,0.89,-1,32,100,86
15/05/2019 10:30:00,78,28,-38,0.89,-1,36,100,86
15/05/2019 10:30:10,44,28,-37,0.89,-1,36,100,86
15/05/2019 10:30:20,16,28,-36,0.89,-1,33,101,86
15/05/2019 10:30:30,39,31,-37,0.89,-1,31,101,85
15/05/2019 10:30:40,68,33,-37,0.89,-1,34,101,86
15/05/2019 10:30:50,84,33,-36,0.89,-1,29,102,86
15/05/2019 10:31:00,28,32,-36,0.89,-1,28,101,86
15/05/2019 10:31:10,50,33,-38,0.89,-1,25,101,86
15/05/2019 10:31:20,62,33,-39,0.89,-1,26,100,86
15/05/2019 10:31:30,56,33,-39,0.89,-1,24,101,86
15/05/2019 10:31:40,179,34,-38,0.89,-1,26,101,85
15/05/2019 10:31:50,78,34,-36,0.89,-1,29,102,85
15/05/2019 10:32:00,45,35,-37,0.89,-1,23,100,86
15/05/2019 10:32:10,41,35,-36,0.89,-1,23,101,85
15/05/2019 10:32:20,37,34,-36,0.89,-1,22,101,85
15/05/2019 10:32:30,171,37,-37,0.89,-1,22,101,85
15/05/2019 10:32:40,237,38,-35,0.89,-1,29,101,86
15/05/2019 10:32:50,206,40,-36,0.89,-1,26,101,85
15/05/2019 10:33:00,138,39,-34,0.89,-1,23,101,85
15/05/2019 10:33:10,84,38,-33,0.89,-1,19,101,85
15/05/2019 10:33:20,99,39,-34,0.89,-1,20,101,85
15/05/2019 10:33:30,110,40,-34,0.89,-1,19,101,86
15/05/2019 10:33:40,122,40,-34,0.89,-1,21,101,85
15/05/2019 10:33:50,130,40,-35,0.89,-1,22,101,85
15/05/2019 10:34:00,152,39,-33,0.89,-1,21,101,86
15/05/2019 10:34:10,143,42,-34,0.89,-1,22,101,86
15/05/2019 10:34:20,106,39,-36,0.89,-1,23,101,85
15/05/2019 10:34:30,95,39,-35,0.89,-1,17,101,85
15/05/2019 10:34:40,99,39,-34,0.89,-1,18,101,85
15/05/2019 10:34:50,68,39,-34,0.89,-1,18,102,86
15/05/2019 10:35:00,83,40,-33,0.89,-1,18,100,85
15/05/2019 10:35:10,80,38,-33,0.89,-1,18,101,85
15/05/2019 10:35:20,132,38,-33,0.89,-1,19,101,85
15/05/2019 10:35:30,148,39,-33,0.89,-1,20,101,85
15/05/2019 10:35:40,137,40,-34,0.89,-1,20,101,85
15/05/2019 10:35:50,92,41,-33,0.89,-1,21,102,85
15/05/2019 10:36:00,146,41,-33,0.89,-1,20,101,86
15/05/2019 10:36:10,113,40,-32,0.89,-1,18,101,85
15/05/2019 10:36:20,119,41,-32,0.89,-1,17,101,85
15/05/2019 10:36:30,75,41,-32,0.89,-1,18,101,86
15/05/2019 10:36:40,55,42,-32,0.89,-1,17,101,85
15/05/2019 10:36:50,55,42,-32,0.89,-1,18,101,85
15/05/2019 10:37:00,50,43,-30,0.89,-1,18,101,86
15/05/2019 10:37:10,85,42,-31,0.89,-1,17,100,85
15/05/2019 10:37:20,125,44,-30,0.89,-1,18,101,86
15/05/2019 10:37:30,204,46,-29,0.89,-1,19,101,86
15/05/2019 10:37:40,124,43,-28,0.89,-1,21,101,85
15/05/2019 10:38:00,71,43,-28,0.89,-1,16,101,85
15/05/2019 10:38:10,57,44,-28,0.89,-1,15,101,86
15/05/2019 10:38:20,50,44,-28,0.89,-1,16,101,85
15/05/2019 10:38:30,43,45,-28,0.89,-1,16,101,85
15/05/2019 10:38:40,39,45,-28,0.89,-1,16,101,85
15/05/2019 10:38:50,30,45,-28,0.89,-1,15,101,85
15/05/2019 10:39:00,25,45,-27,0.89,-1,15,101,86
15/05/2019 10:39:10,22,45,-27,0.89,-1,15,101,85
15/05/2019 10:39:20,18,45,-28,0.89,-1,15,101,85
15/05/2019 10:39:30,14,45,-29,0.89,-1,15,100,85
15/05/2019 10:39:40,12,43,-28,0.89,-1,16,101,85
15/05/2019 10:39:50,23,42,-28,0.89,-1,14,101,85
15/05/2019 10:40:00,16,40,-28,0.89,-1,15,100,86
15/05/2019 10:40:10,10,42,-27,0.89,-1,16,101,85
15/05/2019 10:40:20,22,40,-27,0.89,-1,16,101,86
15/05/2019 10:40:30,50,40,-27,0.89,-1,17,101,86
15/05/2019 10:40:40,71,42,-27,0.89,-1,18,101,85
15/05/2019 10:40:50,92,44,-25,0.89,-1,21,101,85
15/05/2019 10:41:00,111,44,-26,0.89,-1,21,101,85
15/05/2019 10:41:10,182,44,-25,0.89,-1,18,100,86
15/05/2019 10:41:20,229,45,-26,0.89,-1,19,101,85
15/05/2019 10:41:30,253,46,-24,0.89,-1,17,101,85
15/05/2019 10:41:40,174,44,-24,0.89,-1,20,101,85
15/05/2019 10:41:50,189,44,-26,0.89,-1,15,100,85
15/05/2019 10:42:00,244,43,-28,0.89,-1,16,101,85
15/05/2019 10:42:10,174,44,-24,0.89,-1,17,100,85
15/05/2019 10:42:20,254,45,-22,0.89,-1,16,101,85
15/05/2019 10:42:30,142,44,-22,0.89,-1,17,101,85
15/05/2019 10:42:40,104,42,-23,0.89,-1,16,100,85
15/05/2019 10:42:50,114,41,-21,0.89,-1,17,100,86
15/05/2019 10:43:00,70,43,-21,0.89,-1,18,101,85
15/05/2019 10:43:10,50,43,-22,0.89,-1,18,101,86
15/05/2019 10:43:20,43,43,-24,0.89,-1,17,101,85
15/05/2019 10:43:30,191,42,-24,0.89,-1,17,101,85
15/05/2019 10:43:40,285,41,-24,0.89,-1,19,101,86
15/05/2019 10:43:50,193,41,-25,0.89,-1,18,100,86
15/05/2019 10:44:00,149,40,-25,0.89,-1,17,101,85
15/05/2019 10:44:10,104,40,-23,0.89,-1,18,100,85
15/05/2019 10:44:20,93,41,-24,0.89,-1,18,101,85
15/05/2019 10:44:30,104,41,-24,0.89,-1,18,101,86
15/05/2019 10:44:40,69,41,-23,0.89,-1,16,101,86
15/05/2019 10:44:50,70,42,-24,0.89,-1,17,101,86
15/05/2019 10:45:00,110,43,-23,0.89,-1,16,101,85
15/05/2019 10:45:10,112,43,-22,0.89,-1,17,101,85
15/05/2019 10:45:20,129,43,-23,0.89,-1,17,101,85
15/05/2019 10:45:30,162,43,-23,0.89,-1,16,101,85
15/05/2019 10:45:40,146,42,-23,0.89,-1,17,101,85
15/05/2019 10:45:50,125,42,-23,0.89,-1,15,101,85
15/05/2019 10:46:00,122,42,-22,0.89,-1,15,101,86
15/05/2019 10:46:10,111,43,-23,0.89,-1,16,101,86
15/05/2019 10:46:20,140,43,-23,0.89,-1,16,101,85
15/05/2019 10:46:30,117,42,-23,0.89,-1,18,101,85
15/05/2019 10:46:40,88,42,-23,0.89,-1,16,101,85
15/05/2019 10:46:50,83,42,-23,0.89,-1,16,101,85
15/05/2019 10:47:00,87,38,-21,0.89,-1,16,101,85
15/05/2019 10:47:10,81,39,-22,0.89,-1,18,101,86
15/05/2019 10:47:20,58,39,-21,0.89,-1,19,101,86
15/05/2019 10:47:30,91,38,-23,0.89,-1,18,101,86
15/05/2019 10:47:40,83,36,-25,0.89,-1,20,100,85
15/05/2019 10:47:50,64,37,-23,0.89,-1,20,101,85
15/05/2019 10:48:00,70,39,-23,0.89,-1,20,101,85
15/05/2019 10:48:10,57,39,-22,0.89,-1,19,101,86
15/05/2019 10:48:20,53,38,-24,0.89,-1,17,101,85
15/05/2019 10:48:30,61,38,-22,0.89,-1,18,101,85
15/05/2019 10:48:40,66,37,-23,0.89,-1,19,101,85
15/05/2019 10:48:50,55,37,-23,0.89,-1,19,101,86
15/05/2019 10:49:00,43,37,-23,0.89,-1,19,102,85
15/05/2019 10:49:10,50,37,-24,0.89,-1,18,101,85
15/05/2019 10:49:20,125,38,-23,0.89,-1,19,101,85
15/05/2019 10:49:30,46,36,-24,0.89,-1,21,101,85
15/05/2019 10:49:40,11,36,-24,0.89,-1,21,101,85
15/05/2019 10:50:00,0,37,-24,0.89,-1,22,101,86
15/05/2019 10:50:10,0,37,-23,0.89,-1,22,101,85
15/05/2019 10:50:20,0,38,-24,0.89,-1,21,101,85
15/05/2019 10:50:30,0,36,-25,0.89,-1,21,101,85
15/05/2019 10:50:40,0,36,-25,0.89,-1,21,101,85
15/05/2019 10:50:50,0,35,-24,0.89,-1,21,101,86
15/05/2019 10:51:00,0,36,-24,0.89,-1,22,100,85
15/05/2019 10:51:10,0,36,-25,0.89,-1,23,101,85
15/05/2019 10:51:20,0,36,-23,0.89,-1,21,101,85
15/05/2019 10:51:30,0,35,-25,0.89,-1,21,101,85
15/05/2019 10:51:40,0,34,-24,0.89,-1,21,101,85
15/05/2019 10:51:50,0,33,-25,0.89,-1,21,101,85
15/05/2019 10:52:00,0,32,-24,0.89,-1,22,101,85
15/05/2019 10:52:10,0,32,-25,0.89,-1,23,101,86
15/05/2019 10:52:20,0,32,-25,0.89,-1,22,101,85
15/05/2019 10:52:30,0,32,-24,0.89,-1,21,101,85
15/05/2019 10:52:40,0,32,-24,0.89,-1,22,101,85
15/05/2019 10:52:50,0,32,-24,0.89,-1,22,102,85
15/05/2019 10:53:00,0,32,-24,0.89,-1,23,102,85
15/05/2019 10:53:10,0,32,-23,0.89,-1,24,100,85
15/05/2019 10:53:20,0,33,-23,0.89,-1,23,100,85
15/05/2019 10:53:30,0,33,-21,0.89,-1,23,101,85
15/05/2019 10:53:40,0,33,-18,0.89,-1,23,102,85
15/05/2019 10:53:50,0,33,-16,0.89,-1,23,101,85
15/05/2019 10:54:00,0,33,-14,0.89,-1,24,102,85
15/05/2019 10:54:10,0,33,-11,0.89,-1,24,101,85
15/05/2019 10:54:20,0,33,-9,0.89,-1,26,101,85
15/05/2019 10:54:30,0,33,-6,0.89,-1,23,101,85
15/05/2019 10:54:40,0,33,-4,0.89,-1,23,102,85
15/05/2019 10:54:50,0,33,0,0.89,-1,23,102,85
15/05/2019 10:55:00,0,33,0,0.89,-1,23,101,85
15/05/2019 10:55:10,0,33,0,0.89,-1,24,102,85
15/05/2019 10:55:20,0,32,0,0.89,-1,24,101,85
15/05/2019 10:55:30,0,31,0,0.89,-1,25,102,85
15/05/2019 10:55:40,0,31,-2,0.89,-1,24,101,84
15/05/2019 10:55:50,0,31,-2,0.89,-1,25,102,85
15/05/2019 10:56:00,0,32,-2,0.89,-1,24,101,85
15/05/2019 10:56:10,0,30,-2,0.89,-1,23,101,85
15/05/2019 10:56:20,0,31,-2,0.89,-1,24,102,85
15/05/2019 10:56:30,0,31,-4,0.89,-1,25,102,85
15/05/2019 10:56:40,0,31,-5,0.89,-1,24,101,85
15/05/2019 10:56:50,0,30,-4,0.89,-1,25,102,85
15/05/2019 10:57:00,0,31,-4,0.89,-1,26,101,85
15/05/2019 10:57:10,0,30,-4,0.89,-1,26,101,85
15/05/2019 10:57:20,0,30,-4,0.89,-1,27,102,85
15/05/2019 10:57:30,0,30,-6,0.89,-1,27,101,85
15/05/2019 10:57:40,0,29,-10,0.89,-1,25,101,85
15/05/2019 10:57:50,0,27,-11,0.89,-1,25,101,85
15/05/2019 10:58:00,0,26,-13,0.89,-1,24,101,85
15/05/2019 10:58:10,0,26,-14,0.89,-1,25,101,85
15/05/2019 10:58:20,0,26,-14,0.89,-1,26,101,84
15/05/2019 10:58:30,0,26,-16,0.89,-1,26,101,85
15/05/2019 10:58:40,0,28,-19,0.89,-1,26,101,85
15/05/2019 10:58:50,0,26,-22,0.89,-1,26,101,85
15/05/2019 10:59:00,0,27,-25,0.89,-1,24,101,85
15/05/2019 10:59:10,0,26,-29,0.89,-1,24,101,84
15/05/2019 10:59:20,0,25,-31,0.89,-1,24,101,85
15/05/2019 10:59:30,0,25,-34,0.89,-1,25,101,85
15/05/2019 10:59:40,0,26,-34,0.89,-1,26,101,85
15/05/2019 10:59:50,0,27,-33,0.89,-1,28,102,85
15/05/2019 11:00:00,0,27,-32,0.89,-1,28,100,85
15/05/2019 11:00:10,0,28,-32,0.89,-1,28,102,85
15/05/2019 11:00:20,0,28,-33,0.89,-1,28,102,84
15/05/2019 11:00:30,0,28,-33,0.89,-1,28,102,84
15/05/2019 11:00:40,0,28,-33,0.89,-1,28,102,85
15/05/2019 11:00:50,0,28,-32,0.89,-1,28,102,85
15/05/2019 11:01:00,0,29,-33,0.89,-1,28,102,85
15/05/2019 11:01:10,0,29,-32,0.89,-1,28,101,85
15/05/2019 11:01:20,0,29,-32,0.89,-1,28,102,85
15/05/2019 11:01:30,0,29,-32,0.89,-1,28,102,85
15/05/2019 11:01:40,0,29,-32,0.89,-1,28,102,85
15/05/2019 11:02:00,0,29,-31,0.89,-1,29,102,85
15/05/2019 11:02:10,0,29,-32,0.89,-1,26,102,85
15/05/2019 11:02:20,0,29,-31,0.89,-1,25,101,85
15/05/2019 11:02:30,0,29,-31,0.89,-1,25,102,85
15/05/2019 11:02:40,0,29,-32,0.89,-1,25,102,85
15/05/2019 11:02:50,0,29,-32,0.89,-1,26,101,84
15/05/2019 11:03:00,0,29,-32,0.89,-1,25,102,84
15/05/2019 11:03:10,0,30,-32,0.89,-1,25,100,85
15/05/2019 11:03:20,0,30,-33,0.89,-1,24,102,85
15/05/2019 11:03:30,0,30,-32,0.89,-1,24,102,85
15/05/2019 11:03:40,0,30,-31,0.89,-1,24,102,85
15/05/2019 11:03:50,0,30,-32,0.89,-1,24,102,84
15/05/2019 11:04:00,0,30,-32,0.89,-1,25,102,84
15/05/2019 11:04:10,0,30,-32,0.89,-1,26,102,85
15/05/2019 11:04:20,0,30,-31,0.89,-1,26,100,84
15/05/2019 11:04:30,0,30,-32,0.89,-1,26,100,84
15/05/2019 11:04:40,0,30,-32,0.89,-1,27,100,84
15/05/2019 11:04:50,0,30,-31,0.89,-1,26,101,84
15/05/2019 11:05:00,0,30,-31,0.89,-1,27,102,84
15/05/2019 11:05:10,0,30,-32,0.89,-1,26,100,84
15/05/2019 11:05:20,0,30,-32,0.89,-1,25,100,85
15/05/2019 11:05:30,0,30,-31,0.89,-1,25,100,84
15/05/2019 11:05:40,0,30,-31,0.89,-1,24,102,84
15/05/2019 11:05:50,0,30,-32,0.89,-1,23,102,85
15/05/2019 11:06:00,0,30,-32,0.89,-1,23,100,84
15/05/2019 11:06:10,0,30,-32,0.89,-1,23,102,85
15/05/2019 11:06:20,0,30,-32,0.89,-1,23,102,85
15/05/2019 11:06:30,0,31,-33,0.89,-1,22,102,84
15/05/2019 11:06:40,0,31,-32,0.89,-1,22,102,84
15/05/2019 11:06:50,0,31,-32,0.89,-1,22,100,85
15/05/2019 11:07:00,0,31,-33,0.89,-1,23,101,85
15/05/2019 11:07:10,0,30,-32,0.89,-1,23,100,84
15/05/2019 11:07:20,0,30,-32,0.89,-1,24,100,84
15/05/2019 11:07:30,0,30,-32,0.89,-1,23,102,84
15/05/2019 11:07:40,0,30,-32,0.89,-1,23,102,85
15/05/2019 11:07:50,0,30,-32,0.89,-1,23,101,85
15/05/2019 11:08:00,0,30,-32,0.89,-1,24,100,84
15/05/2019 11:08:10,0,30,-33,0.89,-1,24,102,84
15/05/2019 11:08:20,0,30,-32,0.89,-1,24,102,84
15/05/2019 11:08:30,0,30,-32,0.89,-1,24,101,84
15/05/2019 11:08:40,0,30,-33,0.89,-1,24,102,83
15/05/2019 11:08:50,0,30,-33,0.89,-1,23,101,84
15/05/2019 11:09:00,0,30,-33,0.89,-1,24,101,83
15/05/2019 11:09:10,0,29,-33,0.89,-1,23,101,84
15/05/2019 11:09:20,0,27,-33,0.89,-1,23,101,84
15/05/2019 11:09:30,0,28,-33,0.89,-1,23,102,84
15/05/2019 11:09:40,0,29,-33,0.89,-1,24,101,83
15/05/2019 11:09:50,0,29,-32,0.89,-1,24,101,83
15/05/2019 11:10:00,0,29,-32,0.89,-1,24,101,84
15/05/2019 11:10:10,0,29,-32,0.89,-1,24,102,85
15/05/2019 11:10:20,0,29,-32,0.89,-1,24,102,84
15/05/2019 11:10:30,0,29,-33,0.89,-1,23,101,84
15/05/2019 11:10:40,0,29,-32,0.89,-1,23,101,84
15/05/2019 11:10:50,0,29,-32,0.89,-1,23,101,84
15/05/2019 11:11:00,0,29,-33,0.89,-1,23,101,84
15/05/2019 11:11:10,0,29,-32,0.89,-1,23,101,84
15/05/2019 11:11:20,0,29,-31,0.89,-1,24,101,84
15/05/2019 11:11:30,0,29,-32,0.89,-1,24,102,84
15/05/2019 11:11:40,0,30,-32,0.89,-1,25,102,84
15/05/2019 11:11:50,0,30,-31,0.89,-1,25,102,84
15/05/2019 11:12:00,0,30,-31,0.89,-1,24,102,83
15/05/2019 11:12:10,0,30,-32,0.89,-1,24,101,84
15/05/2019 11:12:20,0,29,-33,0.89,-1,23,101,83
15/05/2019 11:12:30,0,29,-31,0.89,-1,23,101,83
15/05/2019 11:12:40,0,29,-31,0.89,-1,23,102,84
15/05/2019 11:12:50,0,29,-32,0.89,-1,24,101,84
15/05/2019 11:13:00,0,29,-32,0.89,-1,25,101,84
15/05/2019 11:13:10,0,29,-32,0.89,-1,24,101,83
15/05/2019 11:13:20,0,28,-31,0.89,-1,25,101,83
15/05/2019 11:13:30,0,29,-32,0.89,-1,25,101,83
15/05/2019 11:13:40,0,27,-31,0.89,-1,25,102,84
15/05/2019 11:13:50,0,28,-32,0.89,-1,25,102,83
15/05/2019 11:14:00,0,29,-32,0.89,-1,26,102,84
15/05/2019 11:14:10,0,29,-32,0.89,-1,26,102,84
15/05/2019 11:14:20,0,29,-31,0.89,-1,25,102,83
15/05/2019 11:14:30,0,29,-32,0.89,-1,25,102,84
15/05/2019 11:14:40,0,29,-32,0.89,-1,24,102,84
15/05/2019 11:15:00,0,29,-32,0.89,-1,24,102,83
15/05/2019 11:15:10,0,29,-32,0.89,-1,24,102,83
15/05/2019 11:15:20,0,29,-33,0.89,-1,25,100,84
15/05/2019 11:15:30,0,30,-31,0.89,-1,25,102,83
15/05/2019 11:15:40,0,30,-32,0.89,-1,24,102,83
15/05/2019 11:15:50,0,30,-31,0.89,-1,24,102,82
15/05/2019 11:16:00,0,30,-32,0.89,-1,24,100,83
15/05/2019 11:16:10,0,30,-32,0.89,-1,23,101,83
15/05/2019 11:16:20,0,30,-32,0.89,-1,23,102,83
15/05/2019 11:16:30,0,30,-31,0.89,-1,23,102,84
15/05/2019 11:16:40,0,30,-31,0.89,-1,23,101,82
15/05/2019 11:16:50,0,30,-31,0.89,-1,23,102,84
15/05/2019 11:17:00,0,30,-32,0.89,-1,24,102,83
15/05/2019 11:17:10,0,30,-31,0.89,-1,24,102,83
15/05/2019 11:17:20,0,30,-31,0.89,-1,23,102,83
15/05/2019 11:17:30,0,30,-32,0.89,-1,23,101,83
15/05/2019 11:17:40,0,30,-32,0.89,-1,24,102,83
15/05/2019 11:17:50,0,30,-32,0.89,-1,24,101,83
15/05/2019 11:18:00,0,30,-32,0.89,-1,24,100,83
15/05/2019 11:18:10,0,30,-32,0.89,-1,24,102,84
15/05/2019 11:18:20,0,30,-32,0.89,-1,23,100,83
15/05/2019 11:18:30,0,30,-32,0.89,-1,23,100,83
15/05/2019 11:18:40,0,30,-32,0.89,-1,24,100,83
15/05/2019 11:18:50,0,30,-31,0.89,-1,23,102,83
15/05/2019 11:19:00,0,30,-31,0.89,-1,24,102,83
15/05/2019 11:19:10,0,30,-32,0.89,-1,24,100,83
15/05/2019 11:19:20,0,30,-31,0.89,-1,23,102,83
15/05/2019 11:19:30,0,30,-32,0.89,-1,23,101,83
15/05/2019 11:19:40,0,29,-31,0.89,-1,23,102,82
15/05/2019 11:19:50,0,30,-31,0.89,-1,23,102,83
15/05/2019 11:20:00,0,30,-32,0.89,-1,24,102,83
15/05/2019 11:20:10,0,30,-31,0.89,-1,24,102,83
15/05/2019 11:20:20,0,30,-32,0.89,-1,24,101,84
15/05/2019 11:20:30,0,30,-31,0.89,-1,24,101,84
15/05/2019 11:20:40,0,30,-31,0.89,-1,23,102,83
15/05/2019 11:20:50,0,30,-32,0.89,-1,24,102,83
15/05/2019 11:21:00,0,30,-32,0.89,-1,24,100,83
15/05/2019 11:21:10,0,30,-31,0.89,-1,24,101,83
15/05/2019 11:21:20,0,29,-31,0.89,-1,23,100,82
15/05/2019 11:21:30,0,29,-31,0.89,-1,24,101,83
15/05/2019 11:21:40,0,29,-32,0.89,-1,25,101,83
15/05/2019 11:21:50,0,29,-32,0.89,-1,25,101,83
15/05/2019 11:22:00,0,30,-32,0.89,-1,25,100,83
15/05/2019 11:22:10,0,30,-30,0.89,-1,24,100,82
15/05/2019 11:22:20,0,30,-31,0.89,-1,26,101,83
15/05/2019 11:22:30,97,30,-30,0.89,-1,25,101,83
15/05/2019 11:22:40,285,31,-29,0.89,-1,30,100,83
15/05/2019 11:22:50,285,34,-26,0.89,-1,40,100,82
15/05/2019 11:23:00,285,33,-25,0.89,-1,35,100,83
15/05/2019 11:23:10,190,33,-25,0.89,-1,26,101,82
15/05/2019 11:23:20,193,41,-26,0.89,-1,24,100,82
15/05/2019 11:23:30,72,37,-26,0.89,-1,21,100,83
15/05/2019 11:23:40,33,35,-26,0.89,-1,18,101,83
15/05/2019 11:23:50,104,37,-25,0.89,-1,18,100,82
15/05/2019 11:24:00,189,50,-25,0.89,-1,22,101,81
15/05/2019 11:24:10,285,46,-25,0.89,-1,20,100,82
15/05/2019 11:24:20,285,44,-25,0.89,-1,22,100,82
15/05/2019 11:24:30,136,40,-22,0.89,-1,20,101,82
15/05/2019 11:24:40,71,40,-21,0.89,-1,16,101,82
15/05/2019 11:24:50,52,39,-22,0.89,-1,16,101,82
15/05/2019 11:25:00,231,45,-21,0.89,-1,17,101,82
15/05/2019 11:25:10,282,43,-22,0.89,-1,40,100,82
15/05/2019 11:25:20,204,42,-22,0.89,-1,18,101,83
15/05/2019 11:25:30,285,43,-21,0.89,-1,17,100,82
15/05/2019 11:25:40,285,43,-18,0.89,-1,27,101,82
15/05/2019 11:25:50,285,43,-18,0.89,-1,24,101,82
15/05/2019 11:26:00,285,42,-17,0.89,-1,18,101,83
15/05/2019 11:26:10,285,41,-16,0.89,-1,16,101,82
15/05/2019 11:26:20,212,39,-19,0.89,-1,15,101,82
15/05/2019 11:26:30,118,38,-18,0.89,-1,17,101,82
15/05/2019 11:26:40,80,40,-18,0.89,-1,17,101,81
15/05/2019 11:27:00,142,42,-20,0.89,-1,18,101,82
15/05/2019 11:27:10,114,40,-18,0.89,-1,26,101,82
15/05/2019 11:27:20,77,38,-18,0.89,-1,17,101,82
15/05/2019 11:27:30,75,39,-18,0.89,-1,16,101,82
15/05/2019 11:27:40,65,37,-17,0.89,-1,18,101,81
15/05/2019 11:27:50,285,43,-17,0.89,-1,18,101,82
15/05/2019 11:28:00,285,39,-17,0.89,-1,23,101,82
15/05/2019 11:28:10,195,39,-18,0.89,-1,16,101,83
15/05/2019 11:28:20,214,40,-16,0.89,-1,16,101,82
15/05/2019 11:28:30,241,39,-16,0.89,-1,18,101,82
15/05/2019 11:28:40,204,40,-14,0.89,-1,19,101,82
15/05/2019 11:28:50,208,39,-14,0.89,-1,18,101,82
15/05/2019 11:29:00,159,39,-15,0.89,-1,17,101,82
15/05/2019 11:29:10,204,39,-13,0.89,-1,18,101,83
15/05/2019 11:29:20,247,44,-15,0.89,-1,18,101,82
15/05/2019 11:29:30,216,45,-12,0.89,-1,23,101,82
15/05/2019 11:29:40,130,44,-11,0.89,-1,13,101,82
15/05/2019 11:29:50,285,45,-13,0.89,-1,14,101,82
15/05/2019 11:30:00,273,42,-11,0.89,-1,19,101,82
15/05/2019 11:30:10,285,42,-13,0.89,-1,16,100,82
15/05/2019 11:30:20,228,42,-12,0.89,-1,16,101,82
15/05/2019 11:30:30,170,41,-10,0.89,-1,15,101,82
15/05/2019 11:30:40,161,42,-9,0.89,-1,16,100,82
15/05/2019 11:30:50,273,43,-10,0.89,-1,17,101,82
15/05/2019 11:31:00,209,39,-12,0.89,-1,20,101,82
15/05/2019 11:31:10,182,37,-10,0.89,-1,16,101,82
15/05/2019 11:31:20,148,38,-9,0.89,-1,18,101,82
15/05/2019 11:31:30,167,39,-6,0.89,-1,18,101,82
15/05/2019 11:31:40,127,37,-6,0.89,-1,18,101,82
15/05/2019 11:31:50,104,34,-6,0.89,-1,16,101,82
15/05/2019 11:32:00,91,33,-8,0.89,-1,17,101,82
15/05/2019 11:32:10,151,34,-7,0.89,-1,19,101,82
15/05/2019 11:32:20,178,33,-6,0.89,-1,20,101,82
15/05/2019 11:32:30,224,34,-5,0.89,-1,20,101,82
15/05/2019 11:32:40,224,35,-4,0.89,-1,20,101,82
15/05/2019 11:32:50,234,35,-6,0.89,-1,20,101,82
15/05/2019 11:33:00,208,34,-6,0.89,-1,21,101,82
15/05/2019 11:33:10,188,34,-5,0.89,-1,19,101,81
15/05/2019 11:33:20,262,34,-6,0.89,-1,19,101,82
15/05/2019 11:33:30,199,32,-6,0.89,-1,21,101,82
15/05/2019 11:33:40,211,31,-6,0.89,-1,20,101,82
15/05/2019 11:33:50,197,33,-4,0.89,-1,21,101,82
15/05/2019 11:34:00,224,34,-6,0.89,-1,21,101,82
15/05/2019 11:34:10,177,34,-7,0.89,-1,21,101,82
15/05/2019 11:34:20,264,34,-4,0.89,-1,19,101,82
15/05/2019 11:34:30,285,36,-6,0.89,-1,21,101,82
15/05/2019 11:34:40,218,34,-7,0.89,-1,23,101,82
15/05/2019 11:34:50,74,33,-4,0.89,-1,19,101,82
15/05/2019 11:35:00,21,32,-7,0.89,-1,18,101,82
15/05/2019 11:35:10,0,32,-8,0.89,-1,20,101,82
15/05/2019 11:35:20,0,32,-7,0.89,-1,20,101,82
15/05/2019 11:35:30,0,33,-7,0.89,-1,21,101,82
15/05/2019 11:35:40,0,33,-7,0.89,-1,21,101,82
15/05/2019 11:35:50,0,32,-7,0.89,-1,20,101,82
15/05/2019 11:36:00,0,33,-7,0.89,-1,19,101,82
15/05/2019 11:36:10,0,33,-7,0.89,-1,19,101,82
15/05/2019 11:36:20,0,34,-8,0.89,-1,20,100,81
15/05/2019 11:36:30,0,34,-7,0.89,-1,19,100,81
15/05/2019 11:36:40,0,33,-7,0.89,-1,20,102,82
15/05/2019 11:36:50,0,32,-5,0.89,-1,20,101,82
15/05/2019 11:37:00,0,32,-5,0.89,-1,20,102,81
15/05/2019 11:37:10,0,33,-4,0.89,-1,21,100,82
15/05/2019 11:37:20,0,33,-4,0.89,-1,21,102,82
15/05/2019 11:37:30,0,33,-2,0.89,-1,21,101,81
15/05/2019 11:37:40,0,30,-5,0.89,-1,21,101,81
15/05/2019 11:37:50,0,29,-3,0.89,-1,22,101,81
15/05/2019 11:38:00,0,29,-5,0.89,-1,23,100,82
15/05/2019 11:38:10,0,28,-4,0.89,-1,22,101,82
15/05/2019 11:38:20,0,29,-3,0.89,-1,21,100,81
15/05/2019 11:38:30,0,29,-4,0.89,-1,23,100,81
15/05/2019 11:38:40,0,29,-4,0.89,-1,25,102,81
15/05/2019 11:38:50,0,29,-5,0.89,-1,23,102,82
15/05/2019 11:39:00,0,29,-5,0.89,-1,23,102,82
15/05/2019 11:39:10,0,30,-4,0.89,-1,23,102,81
15/05/2019 11:39:20,0,30,-4,0.89,-1,22,102,81
15/05/2019 11:39:30,0,31,-5,0.89,-1,22,102,82
15/05/2019 11:39:40,0,31,-5,0.89,-1,22,102,82
15/05/2019 11:40:00,0,31,-4,0.89,-1,21,102,81
15/05/2019 11:40:10,0,31,-4,0.89,-1,21,102,81
15/05/2019 11:40:20,0,31,-4,0.89,-1,21,102,81
15/05/2019 11:40:30,0,31,-5,0.89,-1,22,102,81
15/05/2019 11:40:40,0,31,-5,0.89,-1,21,102,82
15/05/2019 11:40:50,0,31,-5,0.89,-1,21,102,81
15/05/2019 11:41:00,0,31,-5,0.89,-1,20,102,82
15/05/2019 11:41:10,0,31,-6,0.89,-1,20,100,82
15/05/2019 11:41:20,0,31,-5,0.89,-1,20,102,82
15/05/2019 11:41:30,0,31,-5,0.89,-1,21,102,81
15/05/2019 11:41:40,0,31,-5,0.89,-1,21,102,81
15/05/2019 11:41:50,0,31,-5,0.89,-1,21,102,81
15/05/2019 11:42:00,0,31,-4,0.89,-1,22,102,81
15/05/2019 11:42:10,0,31,-5,0.89,-1,21,102,81
15/05/2019 11:42:20,0,31,-5,0.89,-1,22,102,81
15/05/2019 11:42:30,0,31,-6,0.89,-1,22,102,81
15/05/2019 11:42:40,0,31,-5,0.89,-1,22,102,81
15/05/2019 11:42:50,0,31,-5,0.89,-1,22,102,82
15/05/2019 11:43:00,0,31,-5,0.89,-1,21,102,80
15/05/2019 11:43:10,0,31,-4,0.89,-1,22,102,81
15/05/2019 11:43:20,0,31,-4,0.89,-1,21,102,80
15/05/2019 11:43:30,0,31,-5,0.89,-1,21,102,81
15/05/2019 11:43:40,0,31,-5,0.89,-1,21,102,81
15/05/2019 11:43:50,0,31,-5,0.89,-1,21,102,81
15/05/2019 11:44:00,0,32,-5,0.89,-1,21,102,81
15/05/2019 11:44:10,0,32,-5,0.89,-1,22,102,81
15/05/2019 11:44:20,0,32,-4,0.89,-1,23,102,81
15/05/2019 11:44:30,0,32,-4,0.89,-1,23,102,81
15/05/2019 11:44:40,0,32,-5,0.89,-1,23,102,81
15/05/2019 11:44:50,0,32,-5,0.89,-1,22,102,80
15/05/2019 11:45:00,0,32,-5,0.89,-1,22,102,80
15/05/2019 11:45:10,0,32,-4,0.89,-1,22,102,81
15/05/2019 11:45:20,0,31,-5,0.89,-1,22,102,81
15/05/2019 11:45:30,0,31,-4,0.89,-1,22,102,81
15/05/2019 11:45:40,0,31,-4,0.89,-1,21,102,81
15/05/2019 11:45:50,0,31,-5,0.89,-1,22,102,80
15/05/2019 11:46:00,0,31,-5,0.89,-1,21,102,81
15/05/2019 11:46:10,0,31,-5,0.89,-1,22,100,81
15/05/2019 11:46:20,0,31,-2,0.89,-1,21,102,81
15/05/2019 11:46:30,0,31,-4,0.89,-1,21,102,80
15/05/2019 11:46:40,0,31,-3,0.89,-1,21,102,81
15/05/2019 11:46:50,0,31,-4,0.89,-1,21,101,81
15/05/2019 11:47:00,0,31,-3,0.89,-1,21,102,81
15/05/2019 11:47:10,0,31,-3,0.89,-1,22,102,80
15/05/2019 11:47:20,0,30,-5,0.89,-1,22,101,81
15/05/2019 11:47:30,0,29,-7,0.89,-1,22,101,81
15/05/2019 11:47:40,0,29,-7,0.89,-1,23,101,81
15/05/2019 11:47:50,0,29,-6,0.89,-1,24,102,81
15/05/2019 11:48:00,0,30,-7,0.89,-1,24,101,80
15/05/2019 11:48:10,0,28,-9,0.89,-1,22,101,81
15/05/2019 11:48:20,0,28,-13,0.89,-1,23,101,81
15/05/2019 11:48:30,0,29,-16,0.89,-1,25,101,80
15/05/2019 11:48:40,0,29,-19,0.89,-1,24,101,80
15/05/2019 11:48:50,0,29,-22,0.89,-1,23,101,80
15/05/2019 11:49:00,0,29,-26,0.89,-1,23,101,81
15/05/2019 11:49:10,0,27,-26,0.89,-1,22,101,81
15/05/2019 11:49:20,0,27,-28,0.89,-1,21,101,81
15/05/2019 11:49:30,0,27,-27,0.89,-1,22,102,81
15/05/2019 11:49:40,0,28,-27,0.89,-1,22,101,81
15/05/2019 11:49:50,0,29,-27,0.89,-1,23,100,80
15/05/2019 11:50:00,0,28,-30,0.89,-1,23,101,81
15/05/2019 11:50:10,0,27,-28,0.89,-1,23,101,80
15/05/2019 11:50:20,0,26,-28,0.89,-1,23,101,80
15/05/2019 11:50:30,0,25,-29,0.89,-1,24,101,80
15/05/2019 11:50:40,0,25,-28,0.89,-1,24,101,80
15/05/2019 11:50:50,0,25,-28,0.89,-1,26,101,79
15/05/2019 11:51:00,0,25,-28,0.89,-1,27,101,80
15/05/2019 11:51:10,0,25,-28,0.89,-1,27,101,79
15/05/2019 11:51:20,0,25,-28,0.89,-1,26,101,80
15/05/2019 11:51:30,0,25,-28,0.89,-1,26,101,81
15/05/2019 11:51:40,0,26,-28,0.89,-1,26,102,80
15/05/2019 11:52:00,0,27,-29,0.89,-1,26,101,80
15/05/2019 11:52:10,0,28,-30,0.89,-1,25,102,80
15/05/2019 11:52:20,0,28,-28,0.89,-1,26,102,80
15/05/2019 11:52:30,0,29,-29,0.89,-1,26,101,79
15/05/2019 11:52:40,0,28,-30,0.89,-1,25,100,80
15/05/2019 11:52:50,0,29,-28,0.89,-1,24,102,80
15/05/2019 11:53:00,0,29,-29,0.89,-1,25,102,80
15/05/2019 11:53:10,0,29,-28,0.89,-1,24,102,80
15/05/2019 11:53:20,0,30,-30,0.89,-1,24,100,80
15/05/2019 11:53:30,12,30,-30,0.89,-1,23,46,80
15/05/2019 11:53:40,19,30,-27,0.89,-1,23,102,80
15/05/2019 11:53:50,24,30,-27,0.89,-1,23,102,80
15/05/2019 11:54:00,29,30,-28,0.89,-1,24,100,80
15/05/2019 11:54:10,27,30,-27,0.89,-1,24,102,80
15/05/2019 11:54:20,31,31,-27,0.89,-1,22,102,80
15/05/2019 11:54:30,29,31,-27,0.89,-1,23,102,79
15/05/2019 11:54:40,26,31,-27,0.89,-1,21,102,80
15/05/2019 11:54:50,29,32,-27,0.89,-1,21,102,80
15/05/2019 11:55:00,30,32,-25,0.89,-1,21,100,79
15/05/2019 11:55:10,30,32,-24,0.89,-1,22,100,80
15/05/2019 11:55:20,137,32,-23,0.89,-1,21,100,80
15/05/2019 11:55:30,83,32,-22,0.89,-1,22,102,80
15/05/2019 11:55:40,69,33,-23,0.89,-1,21,101,80
15/05/2019 11:55:50,57,33,-24,0.89,-1,23,101,79
15/05/2019 11:56:00,40,33,-24,0.89,-1,23,102,80
15/05/2019 11:56:10,37,34,-22,0.89,-1,20,101,80
15/05/2019 11:56:20,35,35,-24,0.89,-1,20,100,79
15/05/2019 11:56:30,37,35,-24,0.89,-1,19,102,79
15/05/2019 11:56:40,45,36,-24,0.89,-1,20,102,79
15/05/2019 11:56:50,59,36,-24,0.89,-1,20,102,80
15/05/2019 11:57:00,69,37,-24,0.89,-1,19,101,80
15/05/2019 11:57:10,78,37,-24,0.89,-1,18,101,80
15/05/2019 11:57:20,90,36,-23,0.89,-1,18,102,79
15/05/2019 11:57:30,94,37,-21,0.89,-1,18,101,80
15/05/2019 11:57:40,91,38,-21,0.89,-1,17,101,79
15/05/2019 11:57:50,91,38,-19,0.89,-1,17,102,80
15/05/2019 11:58:00,93,37,-18,0.89,-1,17,100,80
15/05/2019 11:58:10,82,37,-18,0.89,-1,16,102,80
15/05/2019 11:58:20,73,37,-17,0.89,-1,16,101,79
15/05/2019 11:58:30,62,37,-17,0.89,-1,16,101,80
15/05/2019 11:58:40,49,37,-15,0.89,-1,16,102,80
15/05/2019 11:58:50,36,37,-17,0.89,-1,16,102,79
15/05/2019 11:59:00,23,38,-15,0.89,-1,16,101,80
15/05/2019 11:59:10,0,38,-16,0.89,-1,16,102,80
15/05/2019 11:59:20,0,39,-14,0.89,-1,16,100,80
15/05/2019 11:59:30,0,40,-14,0.89,-1,17,101,80
15/05/2019 11:59:40,0,40,-14,0.89,-1,17,100,79
15/05/2019 11:59:50,0,40,-12,0.89,-1,16,102,80
15/05/2019 12:00:00,0,40,-13,0.89,-1,16,102,79
15/05/2019 12:00:10,0,40,-13,0.89,-1,15,102,80
15/05/2019 12:00:20,0,41,-15,0.89,-1,15,102,79
15/05/2019 12:00:30,0,42,-13,0.89,-1,15,101,79
15/05/2019 12:00:40,0,42,-12,0.89,-1,15,102,80
15/05/2019 12:00:50,18,41,-14,0.89,-1,14,100,78
15/05/2019 12:01:00,30,41,-13,0.89,-1,14,101,80
15/05/2019 12:01:10,35,42,-16,0.89,-1,14,102,79
15/05/2019 12:01:20,41,42,-16,0.89,-1,14,102,79
15/05/2019 12:01:30,32,41,-18,0.89,-1,15,102,79
15/05/2019 12:01:40,24,41,-18,0.89,-1,14,101,79
15/05/2019 12:01:50,17,42,-19,0.89,-1,15,102,79
15/05/2019 12:02:00,0,41,-19,0.89,-1,15,101,80
15/05/2019 12:02:10,0,41,-23,0.89,-1,15,101,80
15/05/2019 12:02:20,0,41,-23,0.89,-1,15,102,79
15/05/2019 12:02:30,0,41,-24,0.89,-1,15,102,79
15/05/2019 12:02:40,0,41,-24,0.89,-1,15,102,79
15/05/2019 12:02:50,0,40,-25,0.89,-1,16,101,80
15/05/2019 12:03:00,0,40,-25,0.89,-1,16,101,79
15/05/2019 12:03:10,0,40,-25,0.89,-1,16,102,80
15/05/2019 12:03:20,0,40,-25,0.89,-1,17,102,79
15/05/2019 12:03:30,0,39,-25,0.89,-1,16,102,79
15/05/2019 12:03:40,0,39,-27,0.89,-1,16,101,79
15/05/2019 12:03:50,0,39,-30,0.89,-1,16,101,79
15/05/2019 12:04:00,0,39,-31,0.89,-1,16,102,80
15/05/2019 12:04:10,0,39,-32,0.89,-1,16,101,80
15/05/2019 12:04:20,0,39,-34,0.89,-1,16,102,79
15/05/2019 12:04:30,0,39,-34,0.89,-1,16,102,79
15/05/2019 12:04:40,0,39,-35,0.89,-1,15,102,79
15/05/2019 12:05:00,0,38,-37,0.89,-1,15,102,79
15/05/2019 12:05:10,0,38,-36,0.89,-1,16,102,79
15/05/2019 12:05:20,0,38,-35,0.89,-1,16,102,79
15/05/2019 12:05:30,0,38,-38,0.89,-1,16,101,80
15/05/2019 12:05:40,0,38,-37,0.89,-1,16,101,79
15/05/2019 12:05:50,0,38,-35,0.89,-1,16,102,79
15/05/2019 12:06:00,0,39,-37,0.89,-1,16,101,79
15/05/2019 12:06:10,0,39,-37,0.89,-1,15,101,80
15/05/2019 12:06:20,23,39,-35,0.89,-1,15,102,80
15/05/2019 12:06:30,38,40,-36,0.89,-1,15,102,79
15/05/2019 12:06:40,49,40,-36,0.89,-1,16,102,79
15/05/2019 12:06:50,60,40,-36,0.89,-1,15,102,79
15/05/2019 12:07:00,64,40,-36,0.89,-1,15,102,79
15/05/2019 12:07:10,66,40,-35,0.89,-1,15,100,79
15/05/2019 12:07:20,62,39,-34,0.89,-1,15,100,79
15/05/2019 12:07:30,57,39,-32,0.89,-1,14,102,79
15/05/2019 12:07:40,49,39,-31,0.89,-1,14,102,78
15/05/2019 12:07:50,35,39,-29,0.89,-1,14,101,80
15/05/2019 12:08:00,15,39,-27,0.89,-1,15,100,79
15/05/2019 12:08:10,0,38,-25,0.89,-1,15,100,79
15/05/2019 12:08:20,0,37,-22,0.89,-1,16,101,80
15/05/2019 12:08:30,0,37,-20,0.89,-1,16,101,79
15/05/2019 12:08:40,0,36,-18,0.89,-1,16,101,80
15/05/2019 12:08:50,0,36,-17,0.89,-1,17,101,79
15/05/2019 12:09:00,0,36,-14,0.89,-1,17,101,79
15/05/2019 12:09:10,0,35,-11,0.89,-1,18,101,79
15/05/2019 12:09:20,0,35,-10,0.89,-1,17,101,80
15/05/2019 12:09:30,0,35,-7,0.89,-1,18,101,79
15/05/2019 12:09:40,0,34,-5,0.89,-1,17,101,79
15/05/2019 12:09:50,0,33,-6,0.89,-1,17,101,79
15/05/2019 12:10:00,0,33,-3,0.89,-1,17,102,78
15/05/2019 12:10:10,0,33,-2,0.89,-1,17,102,79
15/05/2019 12:10:20,0,33,-2,0.89,-1,18,101,79
15/05/2019 12:10:30,0,33,-2,0.89,-1,19,101,79
15/05/2019 12:10:40,0,32,-2,0.89,-1,18,101,79
15/05/2019 12:10:50,0,32,0,0.89,-1,18,101,80
15/05/2019 12:11:00,0,33,0,0.89,-1,18,101,78
15/05/2019 12:11:10,0,32,0,0.89,-1,19,101,79
15/05/2019 12:11:20,0,31,0,0.89,-1,19,101,79
15/05/2019 12:11:30,0,30,-2,0.89,-1,20,101,78
15/05/2019 12:11:40,0,30,0,0.89,-1,20,101,78
15/05/2019 12:11:50,0,30,0,0.89,-1,22,101,79
15/05/2019 12:12:00,0,30,0,0.89,-1,21,101,79
15/05/2019 12:12:10,0,30,0,0.89,-1,21,101,79
15/05/2019 12:12:20,0,29,0,0.89,-1,20,101,78
15/05/2019 12:12:30,0,28,0,0.89,-1,19,101,78
15/05/2019 12:12:40,0,29,0,0.89,-1,20,101,79
15/05/2019 12:12:50,0,30,0,0.89,-1,21,101,79
15/05/2019 12:13:00,0,29,0,0.89,-1,22,101,78
15/05/2019 12:13:10,0,28,0,0.89,-1,22,101,79
15/05/2019 12:13:20,0,28,1,0.89,-1,22,101,79
15/05/2019 12:13:30,0,29,2,0.89,-1,23,101,79
15/05/2019 12:13:40,0,28,3,0.89,-1,24,102,78
15/05/2019 12:13:50,0,28,2,0.89,-1,24,100,78
15/05/2019 12:14:00,0,28,1,0.89,-1,24,76,77
15/05/2019 12:14:10,0,29,0,0.89,-1,23,11,79
15/05/2019 12:14:20,0,29,0,0.89,-1,23,6,78
15/05/2019 12:14:30,0,29,0,0.89,-1,23,3,78
15/05/2019 12:14:40,0,30,0,0.89,-1,24,5,78
15/05/2019 12:14:50,0,30,1,0.89,-1,24,14,78
15/05/2019 12:15:00,0,29,1,0.89,-1,23,99,78
15/05/2019 12:15:10,0,29,3,0.89,-1,23,101,78
15/05/2019 12:15:20,0,28,3,0.89,-1,24,101,78
15/05/2019 12:15:30,0,28,1,0.89,-1,25,101,78
15/05/2019 12:15:40,0,29,3,0.89,-1,26,100,78
15/05/2019 12:15:50,0,29,0,0.89,-1,25,101,78
15/05/2019 12:16:00,0,27,3,0.89,-1,24,101,78
15/05/2019 12:16:10,0,28,3,0.89,-1,25,101,78
15/05/2019 12:16:20,0,28,2,0.89,-1,26,101,79
15/05/2019 12:16:30,0,28,3,0.89,-1,26,101,77
15/05/2019 12:16:40,0,28,2,0.89,-1,26,101,78
15/05/2019 12:17:00,0,28,3,0.89,-1,26,101,78
15/05/2019 12:17:10,0,28,2,0.89,-1,27,101,78
15/05/2019 12:17:20,0,28,3,0.89,-1,27,101,78
15/05/2019 12:17:30,0,28,4,0.89,-1,28,101,77
15/05/2019 12:17:40,0,28,3,0.89,-1,26,101,78
15/05/2019 12:17:50,0,28,3,0.89,-1,27,101,78
15/05/2019 12:18:00,0,28,2,0.89,-1,27,101,78
15/05/2019 12:18:10,0,28,2,0.89,-1,28,101,78
15/05/2019 12:18:20,0,28,2,0.89,-1,28,101,79
15/05/2019 12:18:30,0,29,2,0.89,-1,28,101,78
15/05/2019 12:18:40,0,29,2,0.89,-1,29,101,78
15/05/2019 12:18:50,0,29,2,0.89,-1,29,101,77
15/05/2019 12:19:00,0,29,3,0.89,-1,29,102,78
15/05/2019 12:19:10,0,28,2,0.89,-1,27,102,77
15/05/2019 12:19:20,0,28,3,0.89,-1,28,102,78
15/05/2019 12:19:30,0,29,3,0.89,-1,27,102,78
15/05/2019 12:19:40,0,29,3,0.89,-1,27,102,79
15/05/2019 12:19:50,0,28,3,0.89,-1,27,102,77
15/05/2019 12:20:00,0,29,3,0.89,-1,27,102,77
15/05/2019 12:20:10,0,29,4,0.89,-1,28,102,77
15/05/2019 12:20:20,0,28,4,0.89,-1,27,101,79
15/05/2019 12:20:30,0,28,2,0.89,-1,25,101,78
15/05/2019 12:20:40,0,27,3,0.89,-1,24,101,78
15/05/2019 12:20:50,0,28,3,0.89,-1,26,101,77
15/05/2019 12:21:00,0,28,3,0.89,-1,27,101,78
15/05/2019 12:21:10,0,29,3,0.89,-1,28,101,78
15/05/2019 12:21:20,0,29,3,0.89,-1,28,102,78
15/05/2019 12:21:30,0,29,3,0.89,-1,28,101,77
15/05/2019 12:21:40,0,28,3,0.89,-1,28,102,78
15/05/2019 12:21:50,0,28,3,0.89,-1,26,102,77
15/05/2019 12:22:00,0,28,3,0.89,-1,26,102,77
15/05/2019 12:22:10,0,28,1,0.89,-1,26,102,78
15/05/2019 12:22:20,0,28,0,0.89,-1,26,102,78
15/05/2019 12:22:30,0,28,0,0.89,-1,26,102,77
15/05/2019 12:22:40,20,28,0,0.89,-1,27,102,77
15/05/2019 12:22:50,76,29,0,0.89,-1,27,102,77
15/05/2019 12:23:00,81,29,0,0.89,-1,26,102,78
15/05/2019 12:23:10,41,29,-2,0.89,-1,24,102,77
15/05/2019 12:23:20,11,29,-2,0.89,-1,23,102,77
15/05/2019 12:23:30,0,29,-3,0.89,-1,23,102,78
15/05/2019 12:23:40,0,28,-4,0.89,-1,23,102,77
15/05/2019 12:23:50,0,28,-5,0.89,-1,24,102,77
15/05/2019 12:24:00,0,28,-5,0.89,-1,25,102,77
15/05/2019 12:24:10,0,28,-7,0.89,-1,25,102,77
15/05/2019 12:24:20,0,28,-6,0.89,-1,26,101,77
15/05/2019 12:24:30,0,27,-7,0.89,-1,25,101,77
15/05/2019 12:24:40,0,27,-6,0.89,-1,25,101,77
15/05/2019 12:24:50,0,27,-8,0.89,-1,26,101,79
15/05/2019 12:25:00,0,26,-8,0.89,-1,26,101,77
15/05/2019 12:25:10,0,25,-8,0.89,-1,26,101,77
15/05/2019 12:25:20,0,25,-7,0.89,-1,27,101,77
15/05/2019 12:25:30,0,25,-6,0.89,-1,27,101,78
15/05/2019 12:25:40,0,24,-8,0.89,-1,29,101,77
15/05/2019 12:25:50,0,24,-7,0.89,-1,30,101,77
15/05/2019 12:26:00,0,24,-7,0.89,-1,30,101,77
15/05/2019 12:26:10,0,24,-7,0.89,-1,30,101,77
15/05/2019 12:26:20,0,24,-8,0.89,-1,28,101,77
15/05/2019 12:26:30,0,24,-7,0.89,-1,28,101,77
15/05/2019 12:26:40,0,24,-7,0.89,-1,28,101,77
15/05/2019 12:26:50,0,25,-7,0.89,-1,28,101,77
15/05/2019 12:27:00,0,24,-7,0.89,-1,29,101,77
15/05/2019 12:27:10,0,24,-8,0.89,-1,29,102,77
15/05/2019 12:27:20,0,24,-7,0.89,-1,31,101,77
15/05/2019 12:27:30,0,24,-7,0.89,-1,31,101,77
15/05/2019 12:27:40,0,24,-8,0.89,-1,29,101,77
15/05/2019 12:27:50,0,24,-7,0.89,-1,30,102,77
15/05/2019 12:28:00,0,24,-8,0.89,-1,29,101,77
15/05/2019 12:28:10,0,23,-7,0.89,-1,29,101,77
15/05/2019 12:28:20,0,24,-7,0.89,-1,29,102,77
15/05/2019 12:28:30,0,24,-7,0.89,-1,29,101,77
15/05/2019 12:28:40,0,24,-7,0.89,-1,29,101,77
15/05/2019 12:28:50,0,24,-6,0.89,-1,29,102,77
15/05/2019 12:29:00,0,23,-8,0.89,-1,29,101,77
15/05/2019 12:29:10,0,24,-8,0.89,-1,28,101,77
15/05/2019 12:29:20,0,24,-7,0.89,-1,29,102,77
15/05/2019 12:29:30,0,24,-7,0.89,-1,29,102,77
15/05/2019 12:29:40,0,24,-7,0.89,-1,30,101,77
15/05/2019 12:30:00,0,24,-6,0.89,-1,28,101,77
15/05/2019 12:30:10,0,24,-6,0.89,-1,28,102,77
15/05/2019 12:30:20,0,25,-7,0.89,-1,28,102,77
15/05/2019 12:30:30,0,25,-7,0.89,-1,27,101,77
15/05/2019 12:30:40,0,25,-6,0.89,-1,28,102,77
15/05/2019 12:30:50,0,25,-7,0.89,-1,29,101,77
15/05/2019 12:31:00,0,25,-12,0.89,-1,30,101,77
15/05/2019 12:31:10,0,25,-16,0.89,-1,33,101,77
15/05/2019 12:31:20,0,24,-19,0.89,-1,35,101,77
15/05/2019 12:31:30,0,25,-21,0.89,-1,34,101,77
15/05/2019 12:31:40,0,25,-22,0.89,-1,35,102,77
15/05/2019 12:31:50,0,26,-21,0.89,-1,35,101,77
15/05/2019 12:32:00,0,26,-21,0.89,-1,35,100,77
15/05/2019 12:32:10,0,26,-21,0.89,-1,35,100,77
15/05/2019 12:32:20,0,26,-21,0.89,-1,35,100,77
15/05/2019 12:32:30,0,26,-21,0.89,-1,35,101,77
15/05/2019 12:32:40,0,26,-21,0.89,-1,35,101,77
15/05/2019 12:32:50,0,26,-20,0.89,-1,35,100,77
15/05/2019 12:33:00,0,26,-21,0.89,-1,35,100,77
15/05/2019 12:33:10,0,27,-21,0.89,-1,34,101,77
15/05/2019 12:33:20,0,27,-20,0.89,-1,34,100,77
15/05/2019 12:33:30,0,26,-21,0.89,-1,35,101,77
15/05/2019 12:33:40,0,25,-22,0.89,-1,34,102,77
15/05/2019 12:33:50,0,24,-21,0.89,-1,34,102,77
15/05/2019 12:34:00,0,24,-21,0.89,-1,31,101,77
15/05/2019 12:34:10,0,24,-21,0.89,-1,32,102,77
15/05/2019 12:34:20,0,24,-21,0.89,-1,34,101,77
15/05/2019 12:34:30,0,25,-21,0.89,-1,35,101,77
15/05/2019 12:34:40,0,26,-21,0.89,-1,36,102,77
15/05/2019 12:34:50,0,25,-20,0.89,-1,35,102,77
15/05/2019 12:35:00,0,26,-20,0.89,-1,35,101,77
15/05/2019 12:35:10,0,26,-21,0.89,-1,35,101,77
15/05/2019 12:35:20,0,26,-22,0.89,-1,36,101,77
15/05/2019 12:35:30,0,26,-21,0.89,-1,35,102,77
15/05/2019 12:35:40,0,26,-22,0.89,-1,35,100,77
15/05/2019 12:35:50,0,27,-20,0.89,-1,35,101,77
15/05/2019 12:36:00,0,27,-22,0.89,-1,35,101,77
15/05/2019 12:36:10,0,27,-21,0.89,-1,34,101,77
15/05/2019 12:36:20,0,27,-21,0.89,-1,34,102,77
15/05/2019 12:36:30,0,27,-21,0.89,-1,34,102,77
15/05/2019 12:36:40,0,27,-21,0.89,-1,34,101,77
15/05/2019 12:36:50,0,27,-21,0.89,-1,34,100,77
15/05/2019 12:37:00,0,27,-21,0.89,-1,34,101,76
15/05/2019 12:37:10,0,27,-20,0.89,-1,34,102,77
15/05/2019 12:37:20,0,27,-20,0.89,-1,34,100,77
15/05/2019 12:37:30,0,27,-20,0.89,-1,34,100,77
15/05/2019 12:37:40,0,27,-22,0.89,-1,33,100,77
15/05/2019 12:37:50,0,27,-20,0.89,-1,32,101,77
15/05/2019 12:38:00,0,27,-21,0.89,-1,32,100,77
15/05/2019 12:38:10,0,27,-21,0.89,-1,32,102,77
15/05/2019 12:38:20,0,27,-21,0.89,-1,32,101,77
15/05/2019 12:38:30,0,27,-21,0.89,-1,32,100,77
15/05/2019 12:38:40,0,28,-21,0.89,-1,32,100,77
15/05/2019 12:38:50,0,28,-20,0.89,-1,32,100,77
15/05/2019 12:39:00,0,28,-21,0.89,-1,32,100,77
15/05/2019 12:39:10,0,27,-21,0.89,-1,32,102,77
15/05/2019 12:39:20,0,27,-21,0.89,-1,33,102,76
15/05/2019 12:39:30,0,27,-22,0.89,-1,33,100,77
15/05/2019 12:39:40,0,28,-21,0.89,-1,33,100,76
15/05/2019 12:39:50,0,27,-21,0.89,-1,32,101,77
15/05/2019 12:40:00,0,27,-20,0.89,-1,32,100,77
15/05/2019 12:40:10,0,27,-21,0.89,-1,31,101,76
15/05/2019 12:40:20,0,27,-21,0.89,-1,31,102,76
15/05/2019 12:40:30,0,27,-21,0.89,-1,31,100,76
15/05/2019 12:40:40,0,28,-21,0.89,-1,32,100,77
15/05/2019 12:40:50,0,27,-20,0.89,-1,32,101,76
15/05/2019 12:41:00,0,28,-22,0.89,-1,32,100,76
15/05/2019 12:41:10,0,28,-21,0.89,-1,32,100,77
15/05/2019 12:41:20,0,28,-22,0.89,-1,31,100,76
15/05/2019 12:41:30,0,28,-20,0.89,-1,31,100,76
15/05/2019 12:41:40,0,28,-21,0.89,-1,30,100,77
15/05/2019 12:42:00,0,28,-20,0.89,-1,31,100,76
15/05/2019 12:42:10,0,28,-20,0.89,-1,31,100,77
15/05/2019 12:42:20,0,28,-21,0.89,-1,31,100,77
15/05/2019 12:42:30,0,28,-21,0.89,-1,32,100,76
15/05/2019 12:42:40,0,28,-21,0.89,-1,32,101,75
15/05/2019 12:42:50,0,28,-21,0.89,-1,32,101,77
15/05/2019 12:43:00,0,28,-20,0.89,-1,32,101,76
15/05/2019 12:43:10,0,28,-20,0.89,-1,32,100,77
15/05/2019 12:43:20,0,28,-21,0.89,-1,32,101,76
15/05/2019 12:43:30,0,28,-20,0.89,-1,32,100,77
15/05/2019 12:43:40,0,28,-21,0.89,-1,33,100,76
15/05/2019 12:43:50,0,28,-21,0.89,-1,33,101,76
15/05/2019 12:44:00,0,28,-21,0.89,-1,32,100,77
15/05/2019 12:44:10,0,28,-23,0.89,-1,30,101,76
15/05/2019 12:44:20,0,27,-21,0.89,-1,29,101,77
15/05/2019 12:44:30,0,27,-22,0.89,-1,29,101,77
15/05/2019 12:44:40,0,27,-22,0.89,-1,29,101,76
15/05/2019 12:44:50,0,27,-22,0.89,-1,30,101,76
15/05/2019 12:45:00,0,27,-22,0.89,-1,30,102,76
15/05/2019 12:45:10,0,27,-23,0.89,-1,32,101,76
15/05/2019 12:45:20,0,26,-21,0.89,-1,30,101,76
15/05/2019 12:45:30,0,27,-22,0.89,-1,29,102,76
15/05/2019 12:45:40,0,27,-22,0.89,-1,30,102,77
15/05/2019 12:45:50,0,27,-22,0.89,-1,30,102,76
15/05/2019 12:46:00,0,27,-22,0.89,-1,29,102,76
15/05/2019 12:46:10,0,27,-21,0.89,-1,29,102,76
15/05/2019 12:46:20,0,26,-22,0.89,-1,31,102,76
15/05/2019 12:46:30,0,26,-21,0.89,-1,31,102,76
15/05/2019 12:46:40,0,26,-21,0.89,-1,32,102,76
15/05/2019 12:46:50,0,25,-21,0.89,-1,33,102,76
15/05/2019 12:47:00,0,25,-21,0.89,-1,33,101,76
15/05/2019 12:47:10,0,26,-21,0.89,-1,33,102,76
15/05/2019 12:47:20,0,26,-20,0.89,-1,33,102,76
15/05/2019 12:47:30,0,26,-21,0.89,-1,31,102,76
15/05/2019 12:47:40,0,26,-20,0.89,-1,32,102,76
15/05/2019 12:47:50,0,26,-20,0.89,-1,31,102,76
15/05/2019 12:48:00,0,26,-20,0.89,-1,31,100,76
15/05/2019 12:48:10,0,27,-20,0.89,-1,33,101,76
15/05/2019 12:48:20,0,27,-21,0.89,-1,32,101,76
15/05/2019 12:48:30,0,27,-21,0.89,-1,30,101,76
15/05/2019 12:48:40,0,27,-21,0.89,-1,30,100,76
15/05/2019 12:48:50,0,27,-20,0.89,-1,30,101,76
15/05/2019 12:49:00,0,27,-19,0.89,-1,30,101,77
15/05/2019 12:49:10,0,27,-22,0.89,-1,30,101,76
15/05/2019 12:49:20,0,26,-21,0.89,-1,31,101,76
15/05/2019 12:49:30,0,26,-20,0.89,-1,32,101,76
15/05/2019 12:49:40,0,26,-20,0.89,-1,32,101,76
15/05/2019 12:49:50,0,26,-20,0.89,-1,31,101,76
15/05/2019 12:50:00,0,26,-21,0.89,-1,30,101,76
15/05/2019 12:50:10,0,26,-20,0.89,-1,29,101,75
15/05/2019 12:50:20,0,26,-21,0.89,-1,29,101,75
15/05/2019 12:50:30,0,26,-22,0.89,-1,29,101,75
15/05/2019 12:50:40,0,26,-22,0.89,-1,30,101,76
15/05/2019 12:50:50,0,26,-22,0.89,-1,30,101,75
15/05/2019 12:51:00,0,26,-22,0.89,-1,30,101,76
15/05/2019 12:51:10,0,26,-21,0.89,-1,30,101,76
15/05/2019 12:51:20,0,27,-21,0.89,-1,30,101,76
15/05/2019 12:51:30,0,26,-22,0.89,-1,30,102,76
15/05/2019 12:51:40,0,26,-21,0.89,-1,30,100,76
15/05/2019 12:51:50,0,27,-20,0.89,-1,29,100,76
15/05/2019 12:52:00,0,27,-16,0.89,-1,28,101,76
15/05/2019 12:52:10,0,27,-15,0.89,-1,27,101,75
15/05/2019 12:52:20,0,26,-14,0.89,-1,27,101,76
15/05/2019 12:52:30,0,26,-15,0.89,-1,26,101,76
15/05/2019 12:52:40,0,25,-12,0.89,-1,28,101,76
15/05/2019 12:52:50,0,24,-11,0.89,-1,29,101,75
15/05/2019 12:53:00,0,23,-12,0.89,-1,29,101,75
15/05/2019 12:53:10,0,24,-11,0.89,-1,30,101,75
15/05/2019 12:53:20,0,24,-10,0.89,-1,31,101,76
15/05/2019 12:53:30,0,24,-12,0.89,-1,31,101,75
15/05/2019 12:53:40,15,26,-10,0.89,-1,30,101,76
15/05/2019 12:53:50,48,26,-10,0.89,-1,33,101,75
15/05/2019 12:54:00,80,27,-11,0.89,-1,33,101,75
15/05/2019 12:54:10,77,27,-13,0.89,-1,35,101,75
15/05/2019 12:54:20,91,27,-12,0.89,-1,32,101,76
15/05/2019 12:54:30,97,27,-12,0.89,-1,33,102,76
15/05/2019 12:54:40,34,25,-13,0.89,-1,34,102,77
15/05/2019 12:54:50,0,25,-15,0.89,-1,29,101,75
15/05/2019 12:55:00,0,25,-19,0.89,-1,30,101,75
15/05/2019 12:55:10,0,25,-22,0.89,-1,32,101,75
15/05/2019 12:55:20,0,25,-26,0.89,-1,32,101,76
15/05/2019 12:55:30,0,26,-25,0.89,-1,33,101,76
15/05/2019 12:55:40,22,29,-26,0.89,-1,32,101,76
15/05/2019 12:56:00,86,31,-27,0.89,-1,34,101,74
15/05/2019 12:56:10,106,30,-30,0.89,-1,29,101,75
15/05/2019 12:56:20,57,30,-30,0.89,-1,30,101,75
15/05/2019 12:56:30,19,29,-30,0.89,-1,31,101,75
15/05/2019 12:56:40,0,29,-31,0.89,-1,29,101,74
15/05/2019 12:56:50,20,29,-30,0.89,-1,26,101,74
15/05/2019 12:57:00,226,29,-31,0.89,-1,26,102,75
15/05/2019 12:57:10,140,29,-31,0.89,-1,28,102,75
15/05/2019 12:57:20,77,29,-31,0.89,-1,28,101,75
15/05/2019 12:57:30,50,29,-29,0.89,-1,28,101,75
15/05/2019 12:57:40,37,30,-30,0.89,-1,28,101,75
15/05/2019 12:57:50,38,30,-30,0.89,-1,27,101,75
15/05/2019 12:58:00,57,30,-30,0.89,-1,29,101,75
15/05/2019 12:58:10,36,30,-29,0.89,-1,29,101,75
15/05/2019 12:58:20,23,30,-29,0.89,-1,27,101,74
15/05/2019 12:58:30,18,30,-29,0.89,-1,27,101,75
15/05/2019 12:58:40,13,30,-30,0.89,-1,27,101,74
15/05/2019 12:58:50,0,30,-30,0.89,-1,27,101,75
15/05/2019 12:59:00,12,30,-30,0.89,-1,27,101,75
15/05/2019 12:59:10,13,30,-30,0.89,-1,27,101,74
15/05/2019 12:59:20,10,30,-30,0.89,-1,27,101,75
15/05/2019 12:59:30,0,30,-30,0.89,-1,27,101,75
15/05/2019 12:59:40,0,30,-31,0.89,-1,27,101,74
15/05/2019 12:59:50,0,30,-31,0.89,-1,28,101,74
15/05/2019 13:00:00,0,30,-30,0.89,-1,28,101,75
15/05/2019 13:00:10,0,30,-30,0.89,-1,28,101,74
15/05/2019 13:00:20,0,29,-31,0.89,-1,28,101,73
15/05/2019 13:00:30,0,27,-32,0.89,-1,27,101,75
15/05/2019 13:00:40,0,28,-32,0.89,-1,26,100,75
15/05/2019 13:00:50,0,29,-32,0.89,-1,27,100,75
15/05/2019 13:01:00,0,29,-32,0.89,-1,27,100,74
15/05/2019 13:01:10,0,29,-32,0.89,-1,27,101,75
15/05/2019 13:01:20,0,29,-31,0.89,-1,27,101,74
15/05/2019 13:01:30,0,30,-31,0.89,-1,26,100,74
15/05/2019 13:01:40,0,30,-31,0.89,-1,26,100,74
15/05/2019 13:01:50,0,30,-31,0.89,-1,27,101,74
15/05/2019 13:02:00,0,30,-31,0.89,-1,27,102,75
15/05/2019 13:02:10,0,30,-32,0.89,-1,28,101,74
15/05/2019 13:02:20,0,29,-32,0.89,-1,27,101,75
15/05/2019 13:02:30,0,29,-32,0.89,-1,27,101,74
15/05/2019 13:02:40,0,29,-33,0.89,-1,28,101,74
15/05/2019 13:02:50,0,30,-33,0.89,-1,28,101,74
15/05/2019 13:03:00,0,30,-34,0.89,-1,28,101,75
15/05/2019 13:03:10,0,29,-34,0.89,-1,28,101,74
15/05/2019 13:03:20,0,29,-33,0.89,-1,26,101,74
15/05/2019 13:03:30,0,29,-33,0.89,-1,25,101,74
15/05/2019 13:03:40,0,29,-35,0.89,-1,25,101,74
15/05/2019 13:03:50,0,28,-36,0.89,-1,26,101,74
15/05/2019 13:04:00,0,29,-37,0.89,-1,26,101,74
15/05/2019 13:04:10,0,29,-36,0.89,-1,26,101,74
15/05/2019 13:04:20,0,29,-36,0.89,-1,27,101,75
15/05/2019 13:04:30,0,28,-37,0.89,-1,26,101,75
15/05/2019 13:04:40,0,28,-38,0.89,-1,27,100,73
15/05/2019 13:04:50,0,29,-37,0.89,-1,27,101,75
15/05/2019 13:05:00,0,29,-37,0.89,-1,27,101,74
15/05/2019 13:05:10,0,29,-37,0.89,-1,27,101,74
15/05/2019 13:05:20,0,29,-37,0.89,-1,28,101,74
15/05/2019 13:05:30,0,29,-38,0.89,-1,28,100,75
15/05/2019 13:05:40,0,29,-38,0.89,-1,29,101,74
15/05/2019 13:05:50,0,30,-37,0.89,-1,28,101,75
15/05/2019 13:06:00,0,30,-38,0.89,-1,28,102,74
15/05/2019 13:06:10,0,30,-37,0.89,-1,28,102,73
15/05/2019 13:06:20,0,30,-37,0.89,-1,28,101,74
15/05/2019 13:06:30,0,30,-36,0.89,-1,27,101,73
15/05/2019 13:06:40,0,30,-36,0.89,-1,29,101,74
15/05/2019 13:06:50,0,29,-36,0.89,-1,27,101,74
15/05/2019 13:07:00,0,28,-36,0.89,-1,27,101,74
15/05/2019 13:07:10,0,28,-37,0.89,-1,28,101,74
15/05/2019 13:07:20,0,29,-38,0.89,-1,28,101,74
15/05/2019 13:07:30,0,29,-38,0.89,-1,29,101,74
15/05/2019 13:07:40,0,29,-38,0.89,-1,28,101,74
15/05/2019 13:08:00,0,30,-38,0.89,-1,29,100,74
15/05/2019 13:08:10,0,30,-38,0.89,-1,29,100,74
15/05/2019 13:08:20,0,30,-38,0.89,-1,28,101,74
15/05/2019 13:08:30,0,30,-38,0.89,-1,29,101,73
15/05/2019 13:08:40,0,30,-37,0.89,-1,26,101,74
15/05/2019 13:08:50,0,30,-37,0.89,-1,26,100,74
15/05/2019 13:09:00,0,30,-38,0.89,-1,26,101,74
15/05/2019 13:09:10,0,30,-38,0.89,-1,26,100,74
15/05/2019 13:09:20,0,30,-38,0.89,-1,27,99,74
15/05/2019 13:09:30,0,30,-39,0.89,-1,28,100,74
15/05/2019 13:09:40,0,30,-38,0.89,-1,28,101,74
15/05/2019 13:09:50,0,30,-37,0.89,-1,29,101,74
15/05/2019 13:10:00,0,30,-38,0.89,-1,29,101,74
15/05/2019 13:10:10,0,30,-38,0.89,-1,28,102,74
15/05/2019 13:10:20,0,30,-37,0.89,-1,27,102,73
15/05/2019 13:10:30,0,30,-36,0.89,-1,26,102,74
15/05/2019 13:10:40,0,30,-36,0.89,-1,27,101,74
15/05/2019 13:10:50,0,30,-35,0.89,-1,27,101,74
15/05/2019 13:11:00,0,30,-35,0.89,-1,26,101,74
15/05/2019 13:11:10,0,30,-34,0.89,-1,26,101,75
15/05/2019 13:11:20,0,30,-33,0.89,-1,28,101,74
15/05/2019 13:11:30,0,30,-31,0.89,-1,31,101,74
15/05/2019 13:11:40,0,30,-30,0.89,-1,31,102,74
15/05/2019 13:11:50,0,30,-29,0.89,-1,30,102,74
15/05/2019 13:12:00,0,30,-28,0.89,-1,31,101,74
15/05/2019 13:12:10,0,30,-28,0.89,-1,31,101,74
15/05/2019 13:12:20,0,30,-28,0.89,-1,30,101,74
15/05/2019 13:12:30,0,31,-29,0.89,-1,30,102,74
15/05/2019 13:12:40,0,31,-27,0.89,-1,30,102,74
15/05/2019 13:12:50,0,31,-28,0.89,-1,30,102,73
15/05/2019 13:13:00,0,31,-28,0.89,-1,31,100,73
15/05/2019 13:13:10,0,31,-29,0.89,-1,30,100,74
15/05/2019 13:13:20,0,31,-28,0.89,-1,30,100,74
15/05/2019 13:13:30,0,31,-29,0.89,-1,29,100,74
15/05/2019 13:13:40,0,31,-29,0.89,-1,29,101,74
15/05/2019 13:13:50,0,31,-27,0.89,-1,30,100,74
15/05/2019 13:14:00,0,31,-27,0.89,-1,29,100,74
15/05/2019 13:14:10,0,31,-28,0.89,-1,29,101,75
15/05/2019 13:14:20,0,31,-28,0.89,-1,29,101,74
15/05/2019 13:14:30,0,31,-28,0.89,-1,29,101,73
15/05/2019 13:14:40,0,31,-28,0.89,-1,28,100,74
15/05/2019 13:14:50,0,31,-27,0.89,-1,30,101,75
15/05/2019 13:15:00,0,31,-26,0.89,-1,30,100,75
15/05/2019 13:15:10,0,31,-27,0.89,-1,29,100,74
15/05/2019 13:15:20,0,31,-27,0.89,-1,28,101,74
15/05/2019 13:15:30,0,31,-28,0.89,-1,26,100,74
15/05/2019 13:15:40,0,31,-28,0.89,-1,26,101,74
15/05/2019 13:15:50,0,31,-28,0.89,-1,27,100,74
15/05/2019 13:16:00,0,31,-28,0.89,-1,26,100,74
15/05/2019 13:16:10,0,31,-29,0.89,-1,25,101,74
15/05/2019 13:16:20,0,31,-29,0.89,-1,25,101,74
15/05/2019 13:16:30,0,31,-28,0.89,-1,25,100,73
15/05/2019 13:16:40,0,31,-28,0.89,-1,25,102,73
15/05/2019 13:16:50,0,31,-29,0.89,-1,26,101,73
15/05/2019 13:17:00,0,31,-28,0.89,-1,27,101,73
15/05/2019 13:17:10,0,31,-28,0.89,-1,27,100,73
15/05/2019 13:17:20,0,31,-29,0.89,-1,27,100,74
15/05/2019 13:17:30,0,31,-28,0.89,-1,27,101,73
15/05/2019 13:17:40,0,31,-28,0.89,-1,27,100,73
15/05/2019 13:17:50,0,31,-27,0.89,-1,27,101,74
15/05/2019 13:18:00,0,31,-25,0.89,-1,25,101,74
15/05/2019 13:18:10,0,30,-26,0.89,-1,26,101,74
15/05/2019 13:18:20,0,30,-25,0.89,-1,26,101,73
15/05/2019 13:18:30,0,30,-24,0.89,-1,27,100,75
15/05/2019 13:18:40,0,30,-23,0.89,-1,27,100,74
15/05/2019 13:18:50,0,29,-20,0.89,-1,27,101,74
15/05/2019 13:19:00,0,30,-19,0.89,-1,25,101,74
15/05/2019 13:19:10,0,30,-17,0.89,-1,26,101,74
15/05/2019 13:19:20,0,30,-15,0.89,-1,27,101,74
15/05/2019 13:19:30,0,30,-13,0.89,-1,28,101,73
15/05/2019 13:19:40,0,30,-11,0.89,-1,28,102,74
15/05/2019 13:19:50,0,29,-11,0.89,-1,29,101,73
15/05/2019 13:20:00,0,30,-9,0.89,-1,29,100,74
15/05/2019 13:20:10,0,30,-7,0.89,-1,29,101,73
15/05/2019 13:20:20,0,29,-6,0.89,-1,28,101,74
15/05/2019 13:20:30,0,29,-4,0.89,-1,28,101,73
15/05/2019 13:20:40,0,29,-2,0.89,-1,29,101,73
15/05/2019 13:21:00,0,29,-2,0.89,-1,29,102,73
15/05/2019 13:21:10,0,29,-2,0.89,-1,27,101,73
15/05/2019 13:21:20,0,29,-3,0.89,-1,24,101,73
15/05/2019 13:21:30,0,29,0,0.89,-1,24,101,73
15/05/2019 13:21:40,0,27,-2,0.89,-1,24,102,73
15/05/2019 13:21:50,0,27,-2,0.89,-1,24,101,74
15/05/2019 13:22:00,0,28,-2,0.89,-1,26,100,74
15/05/2019 13:22:10,0,28,0,0.89,-1,26,100,73
15/05/2019 13:22:20,0,28,0,0.89,-1,27,101,74
15/05/2019 13:22:30,0,27,-3,0.89,-1,27,101,74
15/05/2019 13:22:40,0,26,-3,0.89,-1,26,101,74
15/05/2019 13:22:50,0,26,0,0.89,-1,27,101,74
15/05/2019 13:23:00,0,26,0,0.89,-1,28,101,73
15/05/2019 13:23:10,0,26,-2,0.89,-1,27,101,73
15/05/2019 13:23:20,0,26,0,0.89,-1,26,101,73
15/05/2019 13:23:30,0,26,1,0.89,-1,26,101,73
15/05/2019 13:23:40,0,26,0,0.89,-1,27,102,73
15/05/2019 13:23:50,0,26,0,0.89,-1,27,102,73
15/05/2019 13:24:00,0,26,0,0.89,-1,28,101,73
15/05/2019 13:24:10,0,26,-2,0.89,-1,28,101,73
15/05/2019 13:24:20,0,26,2,0.89,-1,28,101,73
15/05/2019 13:24:30,0,26,0,0.89,-1,28,101,73
15/05/2019 13:24:40,0,26,1,0.89,-1,26,101,73
15/05/2019 13:24:50,0,26,2,0.89,-1,26,101,73
15/05/2019 13:25:00,0,26,2,0.89,-1,27,101,74
15/05/2019 13:25:10,0,26,3,0.89,-1,28,101,73
15/05/2019 13:25:20,0,26,4,0.89,-1,28,101,73
15/05/2019 13:25:30,0,26,4,0.89,-1,29,101,73
15/05/2019 13:25:40,0,26,4,0.89,-1,28,101,73
15/05/2019 13:25:50,0,26,2,0.89,-1,27,101,72
15/05/2019 13:26:00,0,26,4,0.89,-1,28,101,73
15/05/2019 13:26:10,0,26,1,0.89,-1,29,101,73
15/05/2019 13:26:20,0,26,5,0.89,-1,30,102,73
15/05/2019 13:26:30,0,26,4,0.89,-1,29,101,72
15/05/2019 13:26:40,0,26,4,0.89,-1,29,101,72
15/05/2019 13:26:50,0,26,8,0.89,-1,30,102,73
15/05/2019 13:27:00,0,26,8,0.89,-1,29,98,73
15/05/2019 13:27:10,0,26,6,0.89,-1,29,87,73
15/05/2019 13:27:20,0,27,6,0.89,-1,28,86,73
15/05/2019 13:27:30,0,27,6,0.89,-1,28,86,73
15/05/2019 13:27:40,0,27,6,0.89,-1,28,86,74
15/05/2019 13:27:50,0,27,6,0.89,-1,28,86,73
15/05/2019 13:28:00,0,27,6,0.89,-1,28,86,72
15/05/2019 13:28:10,0,27,6,0.89,-1,27,86,73
15/05/2019 13:28:20,0,27,6,0.89,-1,28,86,72
15/05/2019 13:28:30,0,28,6,0.89,-1,27,85,73
15/05/2019 13:28:40,0,28,6,0.89,-1,27,85,73
15/05/2019 13:28:50,0,28,8,0.89,-1,27,85,73
15/05/2019 13:29:00,0,28,6,0.89,-1,27,84,73
15/05/2019 13:29:10,0,28,5,0.89,-1,26,84,72
15/05/2019 13:29:20,0,28,5,0.89,-1,26,84,73
15/05/2019 13:29:30,0,28,6,0.89,-1,25,84,73
15/05/2019 13:29:40,0,28,7,0.89,-1,26,83,72
15/05/2019 13:29:50,0,28,8,0.89,-1,27,83,73
15/05/2019 13:30:00,0,28,9,0.89,-1,27,82,73
15/05/2019 13:30:10,0,28,7,0.89,-1,27,80,72
15/05/2019 13:30:20,0,28,6,0.89,-1,26,81,73
15/05/2019 13:30:30,0,28,6,0.89,-1,25,77,73
15/05/2019 13:30:40,0,28,7,0.89,-1,24,79,73
15/05/2019 13:30:50,0,29,6,0.89,-1,24,77,72
15/05/2019 13:31:00,0,29,5,0.89,-1,24,76,72
15/05/2019 13:31:10,0,29,6,0.89,-1,24,81,72
15/05/2019 13:31:20,0,29,6,0.89,-1,24,77,72
15/05/2019 13:31:30,0,29,6,0.89,-1,25,77,73
15/05/2019 13:31:40,0,29,5,0.89,-1,25,78,73
15/05/2019 13:31:50,0,29,6,0.89,-1,25,78,73
15/05/2019 13:32:00,0,29,6,0.89,-1,25,76,73
15/05/2019 13:32:10,0,28,7,0.89,-1,24,78,73
15/05/2019 13:32:20,0,28,6,0.89,-1,24,78,73
15/05/2019 13:32:30,0,28,6,0.89,-1,24,79,72
15/05/2019 13:32:40,0,28,7,0.89,-1,24,79,72
15/05/2019 13:32:50,0,28,6,0.89,-1,25,75,73
15/05/2019 13:33:00,0,28,6,0.89,-1,25,80,72
15/05/2019 13:33:10,0,28,6,0.89,-1,25,80,72
15/05/2019 13:33:20,0,28,6,0.89,-1,25,80,72
15/05/2019 13:33:30,0,28,6,0.89,-1,25,79,72
15/05/2019 13:33:40,0,28,7,0.89,-1,25,79,72
15/05/2019 13:34:00,0,28,7,0.89,-1,26,83,72
15/05/2019 13:34:10,0,28,7,0.89,-1,26,72,71
15/05/2019 13:34:20,0,28,6,0.89,-1,26,71,72
15/05/2019 13:34:30,0,28,6,0.89,-1,26,78,72
15/05/2019 13:34:40,0,28,5,0.89,-1,25,81,73
15/05/2019 13:34:50,0,28,5,0.89,-1,25,74,72
15/05/2019 13:35:00,0,28,7,0.89,-1,26,83,72
15/05/2019 13:35:10,0,28,7,0.89,-1,26,79,71
15/05/2019 13:35:20,0,28,7,0.89,-1,26,71,72
15/05/2019 13:35:30,0,28,6,0.89,-1,25,70,72
15/05/2019 13:35:40,0,28,6,0.89,-1,25,83,73
15/05/2019 13:35:50,0,29,6,0.89,-1,25,81,72
15/05/2019 13:36:00,0,29,6,0.89,-1,25,79,72
15/05/2019 13:36:10,0,29,6,0.89,-1,24,79,72
15/05/2019 13:36:20,0,29,7,0.89,-1,24,74,72
15/05/2019 13:36:30,0,29,6,0.89,-1,24,75,72
15/05/2019 13:36:40,0,29,6,0.89,-1,24,69,72
15/05/2019 13:36:50,0,29,6,0.89,-1,24,82,72
15/05/2019 13:37:00,0,29,6,0.89,-1,23,80,72
15/05/2019 13:37:10,0,29,5,0.89,-1,24,82,72
15/05/2019 13:37:20,0,29,5,0.89,-1,24,84,72
15/05/2019 13:37:30,0,29,6,0.89,-1,24,83,72
15/05/2019 13:37:40,0,29,6,0.89,-1,24,85,72
15/05/2019 13:37:50,0,29,6,0.89,-1,24,83,72
15/05/2019 13:38:00,0,29,6,0.89,-1,24,84,72
15/05/2019 13:38:10,0,29,6,0.89,-1,24,55,72
15/05/2019 13:38:20,0,29,7,0.89,-1,24,88,72
15/05/2019 13:38:30,0,29,7,0.89,-1,24,88,72
15/05/2019 13:38:40,0,29,7,0.89,-1,24,88,72
15/05/2019 13:38:50,0,29,7,0.89,-1,24,88,72
15/05/2019 13:39:00,0,29,8,0.89,-1,24,89,72
15/05/2019 13:39:10,0,29,7,0.89,-1,24,88,71
15/05/2019 13:39:20,0,29,6,0.89,-1,24,88,71
15/05/2019 13:39:30,0,29,7,0.89,-1,25,87,72
15/05/2019 13:39:40,0,29,6,0.89,-1,24,87,72
15/05/2019 13:39:50,0,29,6,0.89,-1,25,86,72
15/05/2019 13:40:00,0,29,5,0.89,-1,25,87,72
15/05/2019 13:40:10,0,29,6,0.89,-1,25,86,71
15/05/2019 13:40:20,0,29,6,0.89,-1,25,86,72
15/05/2019 13:40:30,0,29,7,0.89,-1,25,85,71
15/05/2019 13:40:40,0,29,5,0.89,-1,25,85,71
15/05/2019 13:40:50,0,29,7,0.89,-1,26,85,71
15/05/2019 13:41:00,0,29,7,0.89,-1,26,68,71
15/05/2019 13:41:10,0,29,6,0.89,-1,27,62,71
15/05/2019 13:41:20,0,29,6,0.89,-1,27,98,72
15/05/2019 13:41:30,0,29,7,0.89,-1,26,98,71
15/05/2019 13:41:40,0,29,6,0.89,-1,26,97,71
15/05/2019 13:41:50,0,29,6,0.89,-1,26,98,72
15/05/2019 13:42:00,0,29,7,0.89,-1,27,98,71
15/05/2019 13:42:10,0,29,8,0.89,-1,27,98,71
15/05/2019 13:42:20,0,29,8,0.89,-1,27,98,72
15/05/2019 13:42:30,0,29,7,0.89,-1,26,98,72
15/05/2019 13:42:40,0,29,7,0.89,-1,26,98,71
15/05/2019 13:42:50,0,29,9,0.89,-1,25,98,72
15/05/2019 13:43:00,0,29,6,0.89,-1,25,98,71
15/05/2019 13:43:10,0,29,8,0.89,-1,25,98,71
15/05/2019 13:43:20,0,29,7,0.89,-1,25,98,72
15/05/2019 13:43:30,0,29,6,0.89,-1,25,98,72
15/05/2019 13:43:40,0,29,6,0.89,-1,25,98,71
15/05/2019 13:43:50,0,29,7,0.89,-1,25,98,71
15/05/2019 13:44:00,0,29,6,0.89,-1,26,98,72
15/05/2019 13:44:10,0,29,6,0.89,-1,26,98,71
15/05/2019 13:44:20,0,29,7,0.89,-1,26,98,71
15/05/2019 13:44:30,0,29,6,0.89,-1,26,98,71
15/05/2019 13:44:40,0,29,5,0.89,-1,26,98,71
15/05/2019 13:44:50,0,29,6,0.89,-1,26,98,71
15/05/2019 13:45:00,0,29,6,0.89,-1,27,98,71
15/05/2019 13:45:10,0,29,8,0.89,-1,27,98,71
15/05/2019 13:45:20,0,29,7,0.89,-1,27,98,71
15/05/2019 13:45:30,0,29,7,0.89,-1,26,98,71
15/05/2019 13:45:40,0,29,6,0.89,-1,25,98,71
15/05/2019 13:45:50,0,29,8,0.89,-1,26,98,71
15/05/2019 13:46:00,0,29,9,0.89,-1,26,98,72
15/05/2019 13:46:10,0,29,7,0.89,-1,27,98,71
15/05/2019 13:46:20,0,29,7,0.89,-1,26,98,71
15/05/2019 13:46:30,0,29,6,0.89,-1,27,98,71
15/05/2019 13:46:40,0,29,6,0.89,-1,27,98,72
15/05/2019 13:47:00,0,29,5,0.89,-1,27,98,71
15/05/2019 13:47:10,0,29,6,0.89,-1,27,98,72
15/05/2019 13:47:20,0,29,6,0.89,-1,27,98,72
15/05/2019 13:47:30,0,29,6,0.89,-1,27,98,71
15/05/2019 13:47:40,0,29,6,0.89,-1,27,98,72
15/05/2019 13:47:50,0,29,5,0.89,-1,27,98,71
15/05/2019 13:48:00,0,29,8,0.89,-1,27,98,71
15/05/2019 13:48:10,0,29,6,0.89,-1,25,98,72
15/05/2019 13:48:20,0,29,7,0.89,-1,26,98,70
15/05/2019 13:48:30,0,29,6,0.89,-1,25,52,71
15/05/2019 13:48:40,0,30,5,0.89,-1,25,51,71
15/05/2019 13:48:50,0,30,8,0.89,-1,25,97,70
15/05/2019 13:49:00,0,30,7,0.89,-1,25,97,71
15/05/2019 13:49:10,0,30,6,0.89,-1,25,97,71
15/05/2019 13:49:20,0,30,5,0.89,-1,25,91,71
15/05/2019 13:49:30,0,30,8,0.89,-1,25,97,72
15/05/2019 13:49:40,0,30,8,0.89,-1,26,97,71
15/05/2019 13:49:50,0,30,7,0.89,-1,24,67,71
15/05/2019 13:50:00,0,30,8,0.89,-1,24,72,71
15/05/2019 13:50:10,0,30,7,0.89,-1,25,77,71
15/05/2019 13:50:20,0,30,8,0.89,-1,24,97,71
15/05/2019 13:50:30,0,30,7,0.89,-1,25,97,71
15/05/2019 13:50:40,0,30,7,0.89,-1,25,97,70
15/05/2019 13:50:50,0,30,7,0.89,-1,25,84,71
15/05/2019 13:51:00,0,30,6,0.89,-1,25,82,71
15/05/2019 13:51:10,0,30,6,0.89,-1,26,72,71
15/05/2019 13:51:20,0,30,7,0.89,-1,25,97,72
15/05/2019 13:51:30,0,29,7,0.89,-1,26,91,71
15/05/2019 13:51:40,0,29,8,0.89,-1,27,87,71
15/05/2019 13:51:50,0,29,7,0.89,-1,27,83,71
15/05/2019 13:52:00,0,29,7,0.89,-1,30,88,71
15/05/2019 13:52:10,0,29,7,0.89,-1,29,89,71
15/05/2019 13:52:20,0,29,7,0.89,-1,28,88,71
15/05/2019 13:52:30,0,29,6,0.89,-1,30,80,70
15/05/2019 13:52:40,0,28,6,0.89,-1,30,80,70
15/05/2019 13:52:50,0,28,6,0.89,-1,29,97,70
15/05/2019 13:53:00,0,28,5,0.89,-1,29,97,70
15/05/2019 13:53:10,0,28,6,0.89,-1,31,97,71
15/05/2019 13:53:20,0,28,6,0.89,-1,33,96,71
15/05/2019 13:53:30,0,28,6,0.89,-1,32,96,71
15/05/2019 13:53:40,0,28,6,0.89,-1,32,96,70
15/05/2019 13:53:50,0,28,7,0.89,-1,32,66,70
15/05/2019 13:54:00,0,28,8,0.89,-1,32,66,70
15/05/2019 13:54:10,0,28,8,0.89,-1,32,64,70
15/05/2019 13:54:20,0,28,7,0.89,-1,33,52,71
15/05/2019 13:54:30,0,28,7,0.89,-1,32,42,71
15/05/2019 13:54:40,0,28,7,0.89,-1,32,61,70
15/05/2019 13:54:50,0,28,8,0.89,-1,33,59,70
15/05/2019 13:55:00,0,28,7,0.89,-1,33,51,70
15/05/2019 13:55:10,0,28,6,0.89,-1,33,67,70
15/05/2019 13:55:20,0,28,6,0.89,-1,32,60,71
15/05/2019 13:55:30,0,28,7,0.89,-1,32,66,70
15/05/2019 13:55:40,0,28,7,0.89,-1,32,60,70
15/05/2019 13:55:50,0,28,6,0.89,-1,32,65,70
15/05/2019 13:56:00,0,28,6,0.89,-1,32,64,70
15/05/2019 13:56:10,0,27,6,0.89,-1,32,102,69
15/05/2019 13:56:20,0,27,6,0.89,-1,33,95,70
15/05/2019 13:56:30,0,27,7,0.89,-1,33,94,70
15/05/2019 13:56:40,0,27,7,0.89,-1,33,98,71
15/05/2019 13:56:50,0,27,7,0.89,-1,33,98,71
15/05/2019 13:57:00,0,27,7,0.89,-1,34,73,70
15/05/2019 13:57:10,0,27,8,0.89,-1,35,68,70
15/05/2019 13:57:20,0,27,8,0.89,-1,34,75,70
15/05/2019 13:57:30,0,26,7,0.89,-1,34,74,70
15/05/2019 13:57:40,0,26,7,0.89,-1,35,88,70
15/05/2019 13:57:50,0,26,7,0.89,-1,35,95,70
15/05/2019 13:58:00,0,26,7,0.89,-1,35,95,70
15/05/2019 13:58:10,0,26,5,0.89,-1,34,95,70
15/05/2019 13:58:20,0,26,6,0.89,-1,32,95,70
15/05/2019 13:58:30,0,26,6,0.89,-1,30,93,69
15/05/2019 13:58:40,0,26,6,0.89,-1,31,93,70
15/05/2019 13:58:50,0,26,6,0.89,-1,30,75,70
15/05/2019 13:59:00,0,26,6,0.89,-1,30,80,70
15/05/2019 13:59:10,0,26,8,0.89,-1,30,58,70
15/05/2019 13:59:20,0,26,8,0.89,-1,33,60,70
15/05/2019 13:59:30,0,26,7,0.89,-1,34,57,70
15/05/2019 13:59:40,0,26,7,0.89,-1,34,42,71
15/05/2019 14:00:00,0,26,6,0.89,-1,34,47,71
15/05/2019 14:00:10,0,26,6,0.89,-1,34,73,70
15/05/2019 14:00:20,0,26,6,0.89,-1,34,51,70
15/05/2019 14:00:30,0,26,6,0.89,-1,34,54,70
15/05/2019 14:00:40,0,26,6,0.89,-1,32,53,70
15/05/2019 14:00:50,0,26,6,0.89,-1,34,48,70
15/05/2019 14:01:00,0,26,6,0.89,-1,34,52,70
15/05/2019 14:01:10,0,26,6,0.89,-1,32,57,70
15/05/2019 14:01:20,0,26,5,0.89,-1,32,36,70
15/05/2019 14:01:30,0,26,7,0.89,-1,31,45,70
15/05/2019 14:01:40,0,26,7,0.89,-1,32,42,70
15/05/2019 14:01:50,0,26,7,0.89,-1,33,42,70
15/05/2019 14:02:00,0,26,8,0.89,-1,35,37,69
15/05/2019 14:02:10,0,26,7,0.89,-1,35,39,70
15/05/2019 14:02:20,0,26,8,0.89,-1,35,40,70
15/05/2019 14:02:30,0,26,8,0.89,-1,36,44,69
15/05/2019 14:02:40,0,26,8,0.89,-1,36,42,69
15/05/2019 14:02:50,0,26,8,0.89,-1,36,42,70
15/05/2019 14:03:00,0,27,7,0.89,-1,35,38,70
15/05/2019 14:03:10,0,27,7,0.89,-1,35,48,70
15/05/2019 14:03:20,0,27,7,0.89,-1,36,53,69
15/05/2019 14:03:30,0,27,7,0.89,-1,36,46,70
15/05/2019 14:03:40,0,27,7,0.89,-1,36,39,70
15/05/2019 14:03:50,0,27,8,0.89,-1,36,45,70
15/05/2019 14:04:00,0,27,7,0.89,-1,36,46,71
15/05/2019 14:04:10,0,27,7,0.89,-1,35,44,69
15/05/2019 14:04:20,0,27,8,0.89,-1,35,41,69
15/05/2019 14:04:30,0,27,8,0.89,-1,36,48,70
15/05/2019 14:04:40,0,27,8,0.89,-1,36,33,69
15/05/2019 14:04:50,0,27,8,0.89,-1,36,61,70
15/05/2019 14:05:00,0,27,7,0.89,-1,38,39,69
15/05/2019 14:05:10,0,27,7,0.89,-1,37,40,70
15/05/2019 14:05:20,0,27,6,0.89,-1,36,45,69
15/05/2019 14:05:30,0,26,7,0.89,-1,36,40,69
15/05/2019 14:05:40,0,26,7,0.89,-1,36,39,70
15/05/2019 14:05:50,0,26,7,0.89,-1,36,46,70
15/05/2019 14:06:00,0,26,7,0.89,-1,37,45,69
15/05/2019 14:06:10,0,26,7,0.89,-1,37,38,69
15/05/2019 14:06:20,0,26,9,0.89,-1,37,45,69
15/05/2019 14:06:30,0,26,8,0.89,-1,37,43,69
15/05/2019 14:06:40,0,26,8,0.89,-1,39,45,69
15/05/2019 14:06:50,0,26,8,0.89,-1,39,48,70
15/05/2019 14:07:00,0,26,8,0.89,-1,39,40,70
15/05/2019 14:07:10,0,26,8,0.89,-1,38,49,69
15/05/2019 14:07:20,0,26,7,0.89,-1,37,37,70
15/05/2019 14:07:30,0,26,8,0.89,-1,36,57,69
15/05/2019 14:07:40,0,26,8,0.89,-1,36,42,69
15/05/2019 14:07:50,0,26,8,0.89,-1,35,46,69
15/05/2019 14:08:00,0,26,8,0.89,-1,36,47,69
15/05/2019 14:08:10,0,26,7,0.89,-1,36,47,69
15/05/2019 14:08:20,0,26,8,0.89,-1,36,42,69
15/05/2019 14:08:30,0,26,7,0.89,-1,36,40,69
15/05/2019 14:08:40,0,26,8,0.89,-1,37,65,70
15/05/2019 14:08:50,0,26,7,0.89,-1,37,9,69
15/05/2019 14:09:00,0,26,8,0.89,-1,37,58,69
15/05/2019 14:09:10,0,26,8,0.89,-1,37,23,69
15/05/2019 14:09:20,0,26,8,0.89,-1,37,30,69
15/05/2019 14:09:30,0,26,8,0.89,-1,38,29,69
15/05/2019 14:09:40,0,26,8,0.89,-1,38,31,69
15/05/2019 14:09:50,0,26,7,0.89,-1,38,31,69
15/05/2019 14:10:00,0,26,7,0.89,-1,38,33,69
15/05/2019 14:10:10,0,26,7,0.89,-1,38,29,69
15/05/2019 14:10:20,0,26,7,0.89,-1,37,28,69
15/05/2019 14:10:30,0,26,7,0.89,-1,37,25,69
15/05/2019 14:10:40,0,26,8,0.89,-1,37,24,69
15/05/2019 14:10:50,0,26,9,0.89,-1,37,22,69
15/05/2019 14:11:00,0,26,8,0.89,-1,37,26,69
15/05/2019 14:11:10,0,26,7,0.89,-1,38,15,69
15/05/2019 14:11:20,0,26,8,0.89,-1,38,17,69
15/05/2019 14:11:30,0,26,8,0.89,-1,38,16,70
15/05/2019 14:11:40,0,26,8,0.89,-1,39,17,69
15/05/2019 14:11:50,0,27,8,0.89,-1,39,14,69
15/05/2019 14:12:00,0,27,8,0.89,-1,38,16,69
15/05/2019 14:12:10,0,27,8,0.89,-1,37,15,69
15/05/2019 14:12:20,0,27,7,0.89,-1,37,15,69
15/05/2019 14:12:30,0,27,8,0.89,-1,37,17,69
15/05/2019 14:12:40,0,27,8,0.89,-1,37,25,69
15/05/2019 14:13:00,0,27,8,0.89,-1,36,16,69
15/05/2019 14:13:10,0,26,8,0.89,-1,37,14,69
15/05/2019 14:13:20,0,26,8,0.89,-1,37,15,69
15/05/2019 14:13:30,0,26,8,0.89,-1,38,14,69
15/05/2019 14:13:40,0,26,10,0.89,-1,38,18,69
15/05/2019 14:13:50,0,26,8,0.89,-1,39,15,69
15/05/2019 14:14:00,0,26,7,0.89,-1,39,16,69
15/05/2019 14:14:10,0,26,6,0.89,-1,38,17,69
15/05/2019 14:14:20,0,26,7,0.89,-1,38,18,69
15/05/2019 14:14:30,0,26,8,0.89,-1,38,18,69
15/05/2019 14:14:40,0,26,7,0.89,-1,38,18,69
15/05/2019 14:14:50,0,26,9,0.89,-1,37,26,69
15/05/2019 14:15:00,0,26,8,0.89,-1,37,22,69
15/05/2019 14:15:10,0,26,8,0.89,-1,37,19,69
15/05/2019 14:15:20,0,26,8,0.89,-1,38,27,70
15/05/2019 14:15:30,0,26,8,0.89,-1,37,91,69
15/05/2019 14:15:40,0,26,9,0.89,-1,37,16,69
15/05/2019 14:15:50,0,26,10,0.89,-1,37,14,69
15/05/2019 14:16:00,0,26,9,0.89,-1,37,15,69
15/05/2019 14:16:10,0,26,10,0.89,-1,37,18,69
15/05/2019 14:16:20,0,26,9,0.89,-1,37,18,69
15/05/2019 14:16:30,0,26,9,0.89,-1,37,15,69
15/05/2019 14:16:40,0,26,8,0.89,-1,37,16,69
15/05/2019 14:16:50,0,26,8,0.89,-1,38,12,69
15/05/2019 14:17:00,0,26,8,0.89,-1,39,68,69
15/05/2019 14:17:10,0,26,7,0.89,-1,39,38,69
15/05/2019 14:17:20,0,26,8,0.89,-1,40,38,69
15/05/2019 14:17:30,0,26,8,0.89,-1,40,39,69
15/05/2019 14:17:40,0,26,8,0.89,-1,41,39,69
15/05/2019 14:17:50,0,26,8,0.89,-1,40,38,69
15/05/2019 14:18:00,0,26,8,0.89,-1,40,38,69
15/05/2019 14:18:10,0,26,8,0.89,-1,40,39,69
15/05/2019 14:18:20,0,26,8,0.89,-1,40,16,69
15/05/2019 14:18:30,0,26,8,0.89,-1,39,33,69
15/05/2019 14:18:40,0,26,7,0.89,-1,38,37,69
15/05/2019 14:18:50,0,26,9,0.89,-1,38,38,69
15/05/2019 14:19:00,0,26,8,0.89,-1,39,37,69
15/05/2019 14:19:10,0,26,8,0.89,-1,39,38,69
15/05/2019 14:19:20,0,26,8,0.89,-1,39,38,69
15/05/2019 14:19:30,0,26,8,0.89,-1,39,37,69
15/05/2019 14:19:40,0,26,8,0.89,-1,40,31,69
15/05/2019 14:19:50,0,26,8,0.89,-1,40,36,69
15/05/2019 14:20:00,0,26,8,0.89,-1,40,38,69
15/05/2019 14:20:10,0,26,7,0.89,-1,40,38,69
15/05/2019 14:20:20,0,26,8,0.89,-1,39,38,68
15/05/2019 14:20:30,0,26,8,0.89,-1,40,39,69
15/05/2019 14:20:40,0,27,8,0.89,-1,40,39,69
15/05/2019 14:20:50,0,27,9,0.89,-1,40,39,69
15/05/2019 14:21:00,0,27,8,0.89,-1,39,40,68
