15/05/2019 08:53:00,0,25,0,0.9,-1,31,101,96
15/05/2019 08:53:00,0,25,0,0.9,-1,32,101,96
15/05/2019 08:53:1,0,25,0,0.9,-1,33,101,95
15/05/2019 08:53:2,0,25,0,0.9,-1,33,100,95
15/05/2019 08:54:00,0,25,-2,0.9,-1,33,101,95
15/05/2019 08:54:1,0,25,0,0.9,-1,33,101,96
15/05/2019 08:54:2,0,25,0,0.9,-1,33,101,95
15/05/2019 08:54:3,0,25,0,0.9,-1,33,101,95
15/05/2019 08:54:4,0,24,0,0.9,-1,33,101,94
15/05/2019 08:54:5,0,24,-2,0.9,-1,34,101,95
15/05/2019 08:55:00,0,24,-2,0.9,-1,33,101,95
15/05/2019 08:55:1,0,24,-2,0.9,-1,33,101,95
15/05/2019 08:55:2,0,25,-4,0.9,-1,33,102,96
15/05/2019 08:55:3,0,25,-5,0.9,-1,33,102,94
15/05/2019 08:55:4,0,25,-7,0.9,-1,33,102,95
15/05/2019 08:55:5,0,25,-8,0.9,-1,34,102,95
15/05/2019 08:56:00,0,25,-4,0.9,-1,34,102,94
15/05/2019 08:56:1,0,25,-3,0.9,-1,33,101,95
15/05/2019 08:56:2,0,25,1,0.9,-1,32,102,94
15/05/2019 08:56:3,0,25,-2,0.9,-1,33,101,94
15/05/2019 08:56:4,0,25,0,0.9,-1,33,102,94
15/05/2019 08:56:5,0,25,0,0.9,-1,34,101,96
15/05/2019 08:57:00,0,24,-2,0.9,-1,33,101,95
15/05/2019 08:57:1,0,24,-2,0.9,-1,33,101,95
15/05/2019 08:57:2,0,24,-2,0.9,-1,34,99,95
15/05/2019 08:57:3,0,24,-2,0.9,-1,35,100,95
15/05/2019 08:57:4,0,24,-2,0.9,-1,34,100,95
15/05/2019 08:57:5,0,24,-3,0.9,-1,34,100,94
15/05/2019 08:58:00,0,24,-2,0.9,-1,34,101,93
15/05/2019 08:58:1,0,24,-2,0.9,-1,33,101,94
15/05/2019 08:58:2,0,24,0,0.9,-1,34,101,95
15/05/2019 08:58:3,0,24,-2,0.9,-1,33,101,94
15/05/2019 08:58:4,0,24,0,0.9,-1,33,101,94
15/05/2019 08:58:5,0,23,0,0.9,-1,32,101,94
15/05/2019 08:59:00,0,23,-3,0.9,-1,33,101,93
15/05/2019 08:59:1,0,23,0,0.9,-1,34,101,94
15/05/2019 08:59:2,0,23,0,0.9,-1,34,101,95
15/05/2019 08:59:3,0,23,0,0.9,-1,34,101,94
15/05/2019 08:59:4,0,23,0,0.9,-1,35,101,95
15/05/2019 08:59:5,0,22,0,0.9,-1,35,101,95
15/05/2019 09:00:00,0,23,0,0.9,-1,36,101,94
15/05/2019 09:00:1,0,23,0,0.9,-1,36,101,94
15/05/2019 09:00:2,0,22,-2,0.9,-1,36,101,94
15/05/2019 09:00:3,0,23,-2,0.9,-1,37,101,95
15/05/2019 09:00:4,0,22,0,0.9,-1,37,102,94
15/05/2019 09:00:5,0,23,0,0.9,-1,37,102,94
15/05/2019 09:01:00,0,23,0,0.9,-1,37,101,93
15/05/2019 09:01:1,0,23,0,0.9,-1,36,101,93
15/05/2019 09:01:2,0,23,0,0.9,-1,35,101,94
15/05/2019 09:01:3,0,23,-2,0.9,-1,35,101,94
15/05/2019 09:01:4,0,23,-2,0.9,-1,35,101,94
15/05/2019 09:02:00,0,23,-3,0.9,-1,35,101,94
15/05/2019 09:02:1,0,23,-2,0.9,-1,35,102,94
15/05/2019 09:02:2,0,23,-2,0.9,-1,35,101,95
15/05/2019 09:02:3,0,23,0,0.9,-1,35,101,94
15/05/2019 09:02:4,0,23,0,0.9,-1,36,101,94
15/05/2019 09:02:5,0,22,0,0.9,-1,36,101,94
15/05/2019 09:03:00,0,22,0,0.9,-1,36,101,93
15/05/2019 09:03:1,0,23,-2,0.9,-1,38,101,93
15/05/2019 09:03:2,0,23,0,0.9,-1,37,101,94
15/05/2019 09:03:3,0,23,0,0.9,-1,37,101,94
15/05/2019 09:03:4,0,23,0,0.9,-1,37,101,94
15/05/2019 09:03:5,0,22,0,0.9,-1,38,101,94
15/05/2019 09:04:00,0,22,0,0.9,-1,37,101,94
15/05/2019 09:04:1,0,23,0,0.9,-1,38,101,94
15/05/2019 09:04:2,0,23,-2,0.9,-1,38,101,94
15/05/2019 09:04:3,0,23,0,0.9,-1,38,101,94
15/05/2019 09:04:4,0,23,-3,0.9,-1,37,49,94
15/05/2019 09:04:5,0,23,-2,0.9,-1,37,101,94
15/05/2019 09:05:00,0,23,-3,0.9,-1,38,101,93
15/05/2019 09:05:1,0,23,-2,0.9,-1,39,101,93
15/05/2019 09:05:2,0,23,-4,0.9,-1,38,101,93
15/05/2019 09:05:3,0,23,-3,0.9,-1,38,101,93
15/05/2019 09:05:4,0,23,-3,0.9,-1,37,102,93
15/05/2019 09:05:5,0,23,-2,0.9,-1,38,101,94
15/05/2019 09:06:00,0,23,-2,0.9,-1,37,101,94
15/05/2019 09:06:1,0,23,-2,0.9,-1,37,102,93
15/05/2019 09:06:2,0,23,0,0.9,-1,38,101,94
15/05/2019 09:06:3,0,23,-3,0.9,-1,39,101,94
15/05/2019 09:06:4,0,23,-2,0.9,-1,40,101,93
15/05/2019 09:06:5,0,22,-2,0.9,-1,40,101,93
15/05/2019 09:07:00,0,22,-2,0.9,-1,39,101,93
15/05/2019 09:07:1,0,22,-2,0.9,-1,38,100,94
15/05/2019 09:07:2,0,22,-2,0.9,-1,39,101,94
15/05/2019 09:07:3,0,22,-4,0.9,-1,40,101,93
15/05/2019 09:07:4,0,22,0,0.9,-1,40,99,93
15/05/2019 09:07:5,0,22,-2,0.9,-1,40,100,93
15/05/2019 09:08:00,0,21,-3,0.9,-1,40,100,94
15/05/2019 09:08:1,0,22,-2,0.9,-1,41,101,94
15/05/2019 09:08:2,0,22,-3,0.9,-1,41,101,93
15/05/2019 09:08:3,0,21,-2,0.9,-1,41,101,93
15/05/2019 09:08:4,0,21,-4,0.9,-1,42,100,93
15/05/2019 09:08:5,0,22,-2,0.9,-1,42,101,93
15/05/2019 09:09:00,0,22,0,0.9,-1,41,101,94
15/05/2019 09:09:1,0,23,0,0.9,-1,41,101,93
15/05/2019 09:09:2,0,23,0,0.9,-1,40,101,93
15/05/2019 09:09:3,0,23,0,0.9,-1,40,101,93
15/05/2019 09:09:4,0,23,-2,0.9,-1,39,101,93
15/05/2019 09:09:5,0,23,-2,0.9,-1,39,101,93
15/05/2019 09:10:00,0,22,-2,0.9,-1,39,101,93
15/05/2019 09:10:1,0,22,0,0.9,-1,39,101,93
15/05/2019 09:10:2,0,22,-3,0.9,-1,39,101,93
15/05/2019 09:10:3,0,22,-2,0.9,-1,40,101,93
15/05/2019 09:10:4,0,22,-2,0.9,-1,40,101,93
15/05/2019 09:10:5,0,22,0,0.9,-1,40,101,93
15/05/2019 09:11:00,0,22,-2,0.9,-1,39,100,93
15/05/2019 09:11:1,0,22,-2,0.9,-1,39,101,93
15/05/2019 09:11:2,0,22,0,0.9,-1,39,101,93
15/05/2019 09:11:3,0,23,-2,0.9,-1,39,101,93
15/05/2019 09:11:4,0,23,-2,0.9,-1,39,101,93
15/05/2019 09:11:5,0,23,0,0.9,-1,39,101,93
15/05/2019 09:12:00,0,23,-2,0.9,-1,39,101,93
15/05/2019 09:12:1,0,22,-2,0.9,-1,39,101,93
15/05/2019 09:12:2,0,22,-2,0.9,-1,39,101,93
15/05/2019 09:12:3,0,22,-2,0.9,-1,39,101,93
15/05/2019 09:12:4,0,22,-2,0.9,-1,39,101,93
15/05/2019 09:13:00,0,22,0,0.9,-1,39,101,93
15/05/2019 09:13:1,0,23,-2,0.9,-1,39,101,93
15/05/2019 09:13:2,0,23,0,0.9,-1,39,101,94
15/05/2019 09:13:3,0,23,0,0.9,-1,39,101,93
15/05/2019 09:13:4,0,23,0,0.9,-1,39,101,93
15/05/2019 09:13:5,0,23,0,0.9,-1,38,101,93
15/05/2019 09:14:00,0,23,-2,0.9,-1,38,101,94
15/05/2019 09:14:1,0,23,0,0.9,-1,38,100,93
15/05/2019 09:14:2,0,23,-2,0.9,-1,38,101,93
15/05/2019 09:14:3,0,23,-2,0.9,-1,38,100,93
15/05/2019 09:14:4,0,23,0,0.9,-1,39,101,93
15/05/2019 09:14:5,0,23,-2,0.9,-1,40,100,93
15/05/2019 09:15:00,0,23,0,0.9,-1,39,101,93
15/05/2019 09:15:1,0,23,-3,0.9,-1,39,100,93
15/05/2019 09:15:2,0,24,-3,0.9,-1,40,101,94
15/05/2019 09:15:3,0,23,-3,0.9,-1,39,101,93
15/05/2019 09:15:4,0,23,-3,0.9,-1,38,101,93
15/05/2019 09:15:5,0,23,-2,0.9,-1,38,101,93
15/05/2019 09:16:00,0,23,-3,0.9,-1,38,100,93
15/05/2019 09:16:1,0,23,-3,0.9,-1,38,100,93
15/05/2019 09:16:2,0,24,-2,0.9,-1,38,101,93
15/05/2019 09:16:3,0,23,-3,0.9,-1,38,101,93
15/05/2019 09:16:4,0,24,-4,0.9,-1,37,102,93
15/05/2019 09:16:5,0,24,-2,0.9,-1,37,101,94
15/05/2019 09:17:00,0,24,-2,0.9,-1,37,101,93
15/05/2019 09:17:1,0,24,-2,0.9,-1,37,101,93
15/05/2019 09:17:2,0,23,-2,0.9,-1,37,101,93
15/05/2019 09:17:3,0,23,-2,0.9,-1,37,101,93
15/05/2019 09:17:4,0,24,-3,0.9,-1,38,102,93
15/05/2019 09:17:5,0,24,-3,0.9,-1,38,101,93
15/05/2019 09:18:00,0,24,-2,0.9,-1,37,101,93
15/05/2019 09:18:1,0,24,-2,0.9,-1,37,101,93
15/05/2019 09:18:2,0,24,-3,0.9,-1,36,101,93
15/05/2019 09:18:3,0,23,-2,0.9,-1,36,101,93
15/05/2019 09:18:4,0,23,-3,0.9,-1,36,101,93
15/05/2019 09:18:5,0,23,-3,0.9,-1,37,101,93
15/05/2019 09:19:00,0,23,-2,0.9,-1,38,101,93
15/05/2019 09:19:1,0,23,-3,0.9,-1,38,101,93
15/05/2019 09:19:2,0,23,-4,0.9,-1,37,101,93
15/05/2019 09:19:3,0,23,-2,0.9,-1,37,101,93
15/05/2019 09:19:4,0,23,-3,0.9,-1,37,101,93
15/05/2019 09:19:5,0,23,-2,0.9,-1,36,102,93
15/05/2019 09:20:00,0,23,-2,0.9,-1,37,101,93
15/05/2019 09:20:1,0,23,-3,0.9,-1,37,101,93
15/05/2019 09:20:2,0,24,-3,0.9,-1,37,101,93
15/05/2019 09:20:3,0,24,-4,0.9,-1,37,101,93
15/05/2019 09:20:4,0,24,-2,0.9,-1,37,101,93
15/05/2019 09:20:5,0,23,-2,0.9,-1,37,101,93
15/05/2019 09:21:00,0,23,-2,0.9,-1,37,101,93
15/05/2019 09:21:1,0,23,-2,0.9,-1,39,101,93
15/05/2019 09:21:2,0,23,-3,0.9,-1,39,101,93
15/05/2019 09:21:3,0,23,-2,0.9,-1,39,101,93
15/05/2019 09:21:4,0,23,0,0.9,-1,39,101,93
15/05/2019 09:21:5,0,23,-2,0.9,-1,38,101,93
15/05/2019 09:22:00,0,23,-2,0.9,-1,38,101,93
15/05/2019 09:22:1,0,23,-2,0.9,-1,38,101,93
15/05/2019 09:22:2,0,23,-3,0.9,-1,38,101,93
15/05/2019 09:22:3,0,23,-2,0.9,-1,37,101,93
15/05/2019 09:22:4,0,23,-2,0.9,-1,38,100,93
15/05/2019 09:23:00,0,23,0,0.9,-1,40,101,93
15/05/2019 09:23:1,0,24,-2,0.9,-1,41,101,93
15/05/2019 09:23:2,0,24,0,0.9,-1,40,101,93
15/05/2019 09:23:3,0,24,-2,0.9,-1,39,101,93
15/05/2019 09:23:4,0,24,0,0.9,-1,38,101,92
15/05/2019 09:23:5,0,24,0,0.9,-1,37,101,93
15/05/2019 09:24:00,0,23,-2,0.9,-1,37,101,93
15/05/2019 09:24:1,0,24,-2,0.9,-1,36,101,93
15/05/2019 09:24:2,0,23,-2,0.9,-1,37,102,93
15/05/2019 09:24:3,0,24,-2,0.9,-1,37,101,93
15/05/2019 09:24:4,0,24,-3,0.9,-1,37,101,92
15/05/2019 09:24:5,0,24,-2,0.9,-1,37,101,93
15/05/2019 09:25:00,0,24,-3,0.9,-1,38,101,93
15/05/2019 09:25:1,0,24,-3,0.9,-1,36,101,93
15/05/2019 09:25:2,0,24,-2,0.9,-1,36,101,93
15/05/2019 09:25:3,0,24,-2,0.9,-1,37,102,93
15/05/2019 09:25:4,0,24,-2,0.9,-1,38,101,93
15/05/2019 09:25:5,0,24,-4,0.9,-1,38,101,93
15/05/2019 09:26:00,0,23,-6,0.9,-1,38,100,93
15/05/2019 09:26:1,0,23,-8,0.9,-1,38,101,93
15/05/2019 09:26:2,0,23,-8,0.9,-1,38,100,93
15/05/2019 09:26:3,0,23,-9,0.9,-1,38,101,93
15/05/2019 09:26:4,0,23,-8,0.9,-1,38,101,93
15/05/2019 09:26:5,0,23,-8,0.9,-1,39,101,93
15/05/2019 09:27:00,0,23,-8,0.9,-1,38,101,93
15/05/2019 09:27:1,0,23,-9,0.9,-1,37,101,93
15/05/2019 09:27:2,0,23,-8,0.9,-1,38,101,92
15/05/2019 09:27:3,0,23,-8,0.9,-1,39,101,93
15/05/2019 09:27:4,0,23,-7,0.9,-1,39,101,93
15/05/2019 09:27:5,0,23,-9,0.9,-1,39,101,93
15/05/2019 09:28:00,0,23,-9,0.9,-1,38,101,93
15/05/2019 09:28:1,0,23,-6,0.9,-1,38,102,93
15/05/2019 09:28:2,0,23,-7,0.9,-1,38,102,93
15/05/2019 09:28:3,0,23,-10,0.9,-1,39,101,93
15/05/2019 09:28:4,0,23,-8,0.9,-1,39,101,93
15/05/2019 09:28:5,0,23,-9,0.9,-1,38,101,93
15/05/2019 09:29:00,0,23,-9,0.9,-1,39,101,92
15/05/2019 09:29:1,0,23,-8,0.9,-1,38,101,93
15/05/2019 09:29:2,0,24,-9,0.9,-1,36,101,93
15/05/2019 09:29:3,0,24,-9,0.9,-1,37,101,93
15/05/2019 09:29:4,0,24,-9,0.9,-1,36,101,93
15/05/2019 09:29:5,0,24,-9,0.9,-1,37,101,93
15/05/2019 09:30:00,0,24,-8,0.9,-1,37,101,93
15/05/2019 09:30:1,0,24,-9,0.9,-1,37,101,92
15/05/2019 09:30:2,0,23,-9,0.9,-1,37,101,92
15/05/2019 09:30:3,0,23,-9,0.9,-1,37,101,92
15/05/2019 09:30:4,0,23,-11,0.9,-1,37,101,92
15/05/2019 09:30:5,0,23,-15,0.9,-1,38,101,92
15/05/2019 09:31:00,0,23,-17,0.9,-1,38,101,93
15/05/2019 09:31:1,0,23,-18,0.9,-1,37,101,93
15/05/2019 09:31:2,0,23,-17,0.9,-1,36,101,93
15/05/2019 09:31:3,0,23,-18,0.9,-1,37,101,93
15/05/2019 09:31:4,0,23,-18,0.9,-1,37,101,93
15/05/2019 09:31:5,0,23,-17,0.9,-1,36,101,93
15/05/2019 09:32:00,0,23,-21,0.9,-1,37,101,91
15/05/2019 09:32:1,0,23,-22,0.9,-1,37,101,93
15/05/2019 09:32:2,0,23,-21,0.9,-1,37,101,93
15/05/2019 09:32:3,0,23,-23,0.9,-1,37,101,93
15/05/2019 09:32:4,0,24,-21,0.9,-1,37,102,93
15/05/2019 09:32:5,0,24,-22,0.9,-1,37,101,93
15/05/2019 09:33:00,0,24,-21,0.9,-1,36,101,92
15/05/2019 09:33:1,0,24,-22,0.9,-1,36,100,92
15/05/2019 09:33:2,0,24,-21,0.9,-1,36,101,92
15/05/2019 09:33:3,0,24,-22,0.9,-1,36,101,93
15/05/2019 09:33:4,0,24,-22,0.9,-1,36,101,92
15/05/2019 09:34:00,0,24,-22,0.9,-1,35,101,93
15/05/2019 09:34:1,0,24,-20,0.9,-1,36,101,93
15/05/2019 09:34:2,0,24,-21,0.9,-1,36,101,93
15/05/2019 09:34:3,0,24,-22,0.9,-1,35,101,92
15/05/2019 09:34:4,0,24,-22,0.9,-1,35,101,93
15/05/2019 09:34:5,0,24,-22,0.9,-1,37,101,93
15/05/2019 09:35:00,0,24,-22,0.9,-1,36,101,92
15/05/2019 09:35:1,0,24,-22,0.9,-1,37,101,92
15/05/2019 09:35:2,0,24,-23,0.9,-1,36,101,92
15/05/2019 09:35:3,0,25,-22,0.9,-1,36,101,92
15/05/2019 09:35:4,0,24,-21,0.9,-1,36,101,93
15/05/2019 09:35:5,0,24,-21,0.9,-1,36,102,92
15/05/2019 09:36:00,0,24,-22,0.9,-1,36,101,93
15/05/2019 09:36:1,0,24,-21,0.9,-1,36,101,92
15/05/2019 09:36:2,0,24,-22,0.9,-1,36,101,92
15/05/2019 09:36:3,0,24,-21,0.9,-1,37,101,92
15/05/2019 09:36:4,0,25,-21,0.9,-1,37,101,92
15/05/2019 09:36:5,0,24,-21,0.9,-1,36,101,93
15/05/2019 09:37:00,0,24,-20,0.9,-1,36,101,93
15/05/2019 09:37:1,0,25,-21,0.9,-1,37,101,93
15/05/2019 09:37:2,0,25,-20,0.9,-1,37,101,93
15/05/2019 09:37:3,0,25,-20,0.9,-1,36,101,93
15/05/2019 09:37:4,0,26,-20,0.9,-1,36,101,92
15/05/2019 09:37:5,0,26,-22,0.9,-1,36,101,92
15/05/2019 09:38:00,0,26,-19,0.9,-1,35,101,92
15/05/2019 09:38:1,0,26,-20,0.9,-1,34,101,93
15/05/2019 09:38:2,10,26,-19,0.9,-1,34,101,93
15/05/2019 09:38:3,11,27,-20,0.9,-1,34,101,93
15/05/2019 09:38:4,15,27,-19,0.9,-1,32,101,93
15/05/2019 09:38:5,19,27,-20,0.9,-1,32,101,92
15/05/2019 09:39:00,17,27,-21,0.9,-1,32,101,92
15/05/2019 09:39:1,20,28,-19,0.9,-1,32,101,93
15/05/2019 09:39:2,25,28,-18,0.9,-1,31,101,93
15/05/2019 09:39:3,27,28,-19,0.9,-1,31,101,92
15/05/2019 09:39:4,41,29,-17,0.9,-1,31,101,93
15/05/2019 09:39:5,47,29,-17,0.9,-1,31,101,93
15/05/2019 09:40:00,35,29,-17,0.9,-1,31,101,93
15/05/2019 09:40:1,41,29,-17,0.9,-1,30,101,93
15/05/2019 09:40:2,45,29,-18,0.9,-1,30,101,92
15/05/2019 09:40:3,47,29,-17,0.9,-1,30,101,93
15/05/2019 09:40:4,91,30,-17,0.9,-1,29,101,92
15/05/2019 09:40:5,61,30,-18,0.9,-1,31,101,93
15/05/2019 09:41:00,53,30,-17,0.9,-1,29,101,92
15/05/2019 09:41:1,56,30,-16,0.9,-1,29,100,93
15/05/2019 09:41:2,63,31,-14,0.9,-1,30,101,92
15/05/2019 09:41:3,72,31,-17,0.9,-1,29,101,93
15/05/2019 09:41:4,70,31,-16,0.9,-1,29,101,92
15/05/2019 09:41:5,57,31,-13,0.9,-1,30,101,92
15/05/2019 09:42:00,72,32,-15,0.9,-1,28,101,92
15/05/2019 09:42:1,61,31,-13,0.9,-1,28,101,92
15/05/2019 09:42:2,75,32,-13,0.9,-1,26,101,92
15/05/2019 09:42:3,99,32,-13,0.9,-1,28,101,92
15/05/2019 09:42:4,110,32,-13,0.9,-1,28,101,92
15/05/2019 09:42:5,98,33,-13,0.9,-1,28,101,91
15/05/2019 09:43:00,89,33,-12,0.9,-1,28,101,92
15/05/2019 09:43:1,99,33,-12,0.9,-1,26,101,91
15/05/2019 09:43:2,132,34,-11,0.9,-1,26,101,92
15/05/2019 09:43:3,114,34,-11,0.9,-1,27,101,92
15/05/2019 09:43:4,116,34,-10,0.9,-1,26,100,92
15/05/2019 09:43:5,128,35,-12,0.9,-1,26,101,91
15/05/2019 09:44:00,118,35,-11,0.9,-1,25,101,92
15/05/2019 09:44:1,140,34,-12,0.9,-1,24,101,92
15/05/2019 09:44:2,140,35,-9,0.9,-1,24,101,93
15/05/2019 09:44:3,137,34,-12,0.9,-1,24,101,90
15/05/2019 09:44:4,113,35,-9,0.9,-1,26,101,92
15/05/2019 09:45:00,163,36,-5,0.9,-1,25,100,92
15/05/2019 09:45:1,190,36,-7,0.9,-1,25,100,93
15/05/2019 09:45:2,163,36,-5,0.9,-1,23,101,92
15/05/2019 09:45:3,192,36,-6,0.9,-1,23,101,92
15/05/2019 09:45:4,165,36,-6,0.9,-1,23,100,93
15/05/2019 09:45:5,120,37,-4,0.9,-1,23,101,90
15/05/2019 09:46:00,136,37,-6,0.9,-1,22,100,92
15/05/2019 09:46:1,85,37,-6,0.9,-1,23,100,92
15/05/2019 09:46:2,87,36,-5,0.9,-1,21,100,92
15/05/2019 09:46:3,70,34,-13,0.9,-1,22,101,91
15/05/2019 09:46:4,62,36,-12,0.9,-1,23,101,91
15/05/2019 09:46:5,83,37,-8,0.9,-1,23,101,90
15/05/2019 09:47:00,76,36,-9,0.9,-1,23,101,92
15/05/2019 09:47:1,69,36,-9,0.9,-1,22,101,91
15/05/2019 09:47:2,102,37,-6,0.9,-1,22,101,92
15/05/2019 09:47:3,139,37,-4,0.9,-1,23,101,92
15/05/2019 09:47:4,116,37,-4,0.9,-1,22,101,92
15/05/2019 09:47:5,144,38,-4,0.9,-1,21,101,91
15/05/2019 09:48:00,133,38,-7,0.9,-1,22,101,91
15/05/2019 09:48:1,201,38,-5,0.9,-1,20,101,91
15/05/2019 09:48:2,199,38,-2,0.9,-1,22,101,91
15/05/2019 09:48:3,226,38,-5,0.9,-1,23,101,91
15/05/2019 09:48:4,247,38,-5,0.9,-1,24,101,91
15/05/2019 09:48:5,208,38,-5,0.9,-1,22,101,91
15/05/2019 09:49:00,163,37,-2,0.9,-1,21,101,91
15/05/2019 09:49:1,247,38,-4,0.9,-1,22,101,92
15/05/2019 09:49:2,247,38,-4,0.9,-1,26,101,91
15/05/2019 09:49:3,247,38,-3,0.9,-1,24,101,91
15/05/2019 09:49:4,247,38,-4,0.9,-1,25,101,91
15/05/2019 09:49:5,247,38,-4,0.9,-1,24,101,90
15/05/2019 09:50:00,247,37,-4,0.9,-1,22,101,91
15/05/2019 09:50:1,247,37,-3,0.9,-1,24,101,91
15/05/2019 09:50:2,247,37,-5,0.9,-1,23,101,91
15/05/2019 09:50:3,247,35,-4,0.9,-1,25,101,91
15/05/2019 09:50:4,247,36,-4,0.9,-1,22,101,90
15/05/2019 09:50:5,247,35,-4,0.9,-1,24,101,92
15/05/2019 09:51:00,247,34,-3,0.9,-1,24,101,91
15/05/2019 09:51:1,247,35,-3,0.9,-1,23,101,91
15/05/2019 09:51:2,247,35,-4,0.9,-1,24,101,91
15/05/2019 09:51:3,247,33,-4,0.9,-1,22,101,90
15/05/2019 09:51:4,247,33,-3,0.9,-1,23,101,91
15/05/2019 09:51:5,247,34,-4,0.9,-1,26,101,91
15/05/2019 09:52:00,247,35,-4,0.9,-1,24,101,91
15/05/2019 09:52:1,188,35,-5,0.9,-1,24,101,91
15/05/2019 09:52:2,115,33,-3,0.9,-1,23,101,90
15/05/2019 09:52:3,168,33,-4,0.9,-1,23,101,91
15/05/2019 09:52:4,102,31,-4,0.9,-1,26,101,91
15/05/2019 09:52:5,76,30,-4,0.9,-1,26,101,91
15/05/2019 09:53:00,85,30,-4,0.9,-1,27,101,91
15/05/2019 09:53:1,66,29,-2,0.9,-1,29,101,92
15/05/2019 09:53:2,80,29,-3,0.9,-1,28,101,91
15/05/2019 09:53:3,81,29,-4,0.9,-1,28,101,91
15/05/2019 09:53:4,89,29,-4,0.9,-1,28,101,91
15/05/2019 09:53:5,60,28,-3,0.9,-1,28,101,92
15/05/2019 09:54:00,60,28,-3,0.9,-1,29,101,92
15/05/2019 09:54:1,102,29,-4,0.9,-1,29,101,91
15/05/2019 09:54:2,99,29,-3,0.9,-1,31,101,92
15/05/2019 09:54:3,106,29,-3,0.9,-1,29,101,91
15/05/2019 09:54:4,88,28,-3,0.9,-1,31,101,91
15/05/2019 09:55:00,92,28,-2,0.9,-1,31,101,91
15/05/2019 09:55:1,71,28,-3,0.9,-1,31,101,91
15/05/2019 09:55:2,74,28,-3,0.9,-1,32,101,91
15/05/2019 09:55:3,70,27,-3,0.9,-1,32,101,91
15/05/2019 09:55:4,69,27,-4,0.9,-1,31,101,92
15/05/2019 09:55:5,46,27,-4,0.9,-1,33,101,91
15/05/2019 09:56:00,60,28,-2,0.9,-1,32,101,91
15/05/2019 09:56:1,89,29,-4,0.9,-1,32,101,92
15/05/2019 09:56:2,75,29,0,0.9,-1,32,101,91
15/05/2019 09:56:3,61,29,-2,0.9,-1,31,101,92
15/05/2019 09:56:4,78,28,-4,0.9,-1,31,101,91
15/05/2019 09:56:5,64,28,-2,0.9,-1,33,101,92
15/05/2019 09:57:00,58,29,-3,0.9,-1,32,101,91
15/05/2019 09:57:1,52,30,-2,0.9,-1,31,101,91
15/05/2019 09:57:2,53,29,-2,0.9,-1,29,101,92
15/05/2019 09:57:3,53,28,-2,0.9,-1,30,101,91
15/05/2019 09:57:4,71,28,-3,0.9,-1,30,101,90
15/05/2019 09:57:5,70,27,-3,0.9,-1,32,101,91
15/05/2019 09:58:00,77,28,-3,0.9,-1,34,101,91
15/05/2019 09:58:1,66,28,-5,0.9,-1,33,101,92
15/05/2019 09:58:2,54,29,-6,0.9,-1,32,101,91
15/05/2019 09:58:3,47,29,-10,0.9,-1,31,101,92
15/05/2019 09:58:4,35,29,-9,0.9,-1,31,101,91
15/05/2019 09:58:5,35,29,-11,0.9,-1,31,101,91
15/05/2019 09:59:00,29,29,-12,0.9,-1,31,101,91
15/05/2019 09:59:1,27,28,-13,0.9,-1,31,101,91
15/05/2019 09:59:2,29,28,-14,0.9,-1,32,101,91
15/05/2019 09:59:3,18,28,-18,0.9,-1,32,101,92
15/05/2019 09:59:4,16,28,-17,0.9,-1,31,101,91
15/05/2019 09:59:5,11,28,-19,0.9,-1,32,101,91
15/05/2019 10:00:00,0,28,-20,0.9,-1,32,101,92
15/05/2019 10:00:1,0,28,-22,0.9,-1,32,101,91
15/05/2019 10:00:2,0,28,-22,0.9,-1,32,101,91
15/05/2019 10:00:3,0,28,-24,0.9,-1,32,101,93
15/05/2019 10:00:4,0,28,-24,0.9,-1,32,101,92
15/05/2019 10:00:5,0,28,-25,0.9,-1,32,100,92
15/05/2019 10:01:00,0,27,-25,0.9,-1,32,101,92
15/05/2019 10:01:1,0,27,-25,0.9,-1,32,101,91
15/05/2019 10:01:2,0,27,-26,0.9,-1,33,101,92
15/05/2019 10:01:3,0,26,-25,0.9,-1,33,101,92
15/05/2019 10:01:4,0,27,-25,0.9,-1,32,100,91
15/05/2019 10:01:5,0,26,-25,0.9,-1,33,101,92
15/05/2019 10:02:00,0,26,-25,0.9,-1,33,100,91
15/05/2019 10:02:1,0,25,-25,0.9,-1,33,101,91
15/05/2019 10:02:2,0,26,-25,0.9,-1,34,101,91
15/05/2019 10:02:3,0,26,-25,0.9,-1,35,101,91
15/05/2019 10:02:4,0,25,-25,0.9,-1,34,101,92
15/05/2019 10:02:5,0,26,-24,0.9,-1,36,101,91
15/05/2019 10:03:00,0,26,-25,0.9,-1,36,101,91
15/05/2019 10:03:1,0,26,-24,0.9,-1,35,101,91
15/05/2019 10:03:2,0,25,-26,0.9,-1,35,101,92
15/05/2019 10:03:3,0,25,-26,0.9,-1,35,101,92
15/05/2019 10:03:4,0,25,-26,0.9,-1,36,101,92
15/05/2019 10:03:5,0,25,-26,0.9,-1,35,99,92
15/05/2019 10:04:00,0,25,-24,0.9,-1,35,101,91
15/05/2019 10:04:1,0,24,-25,0.9,-1,36,101,92
15/05/2019 10:04:2,0,24,-25,0.9,-1,36,101,91
15/05/2019 10:04:3,0,25,-26,0.9,-1,36,101,91
15/05/2019 10:04:4,0,24,-25,0.9,-1,36,101,92
15/05/2019 10:05:00,0,25,-25,0.9,-1,35,101,91
15/05/2019 10:05:1,0,24,-25,0.9,-1,36,101,91
15/05/2019 10:05:2,0,24,-26,0.9,-1,37,101,91
15/05/2019 10:05:3,0,24,-26,0.9,-1,37,101,92
15/05/2019 10:05:4,0,24,-26,0.9,-1,37,101,92
15/05/2019 10:05:5,0,24,-26,0.9,-1,36,101,91
15/05/2019 10:06:00,0,24,-25,0.9,-1,36,101,91
15/05/2019 10:06:1,0,24,-26,0.9,-1,37,101,91
15/05/2019 10:06:2,0,24,-26,0.9,-1,38,101,91
15/05/2019 10:06:3,0,24,-26,0.9,-1,39,101,91
15/05/2019 10:06:4,0,24,-26,0.9,-1,38,101,91
15/05/2019 10:06:5,0,24,-25,0.9,-1,38,101,91
15/05/2019 10:07:00,0,24,-25,0.9,-1,39,101,91
15/05/2019 10:07:1,0,24,-25,0.9,-1,38,101,90
15/05/2019 10:07:2,0,24,-25,0.9,-1,38,101,90
15/05/2019 10:07:3,0,24,-26,0.9,-1,39,101,90
15/05/2019 10:07:4,0,24,-25,0.9,-1,39,101,91
15/05/2019 10:07:5,0,24,-25,0.9,-1,39,101,90
15/05/2019 10:08:00,0,24,-26,0.9,-1,38,101,91
15/05/2019 10:08:1,0,25,-25,0.9,-1,38,101,91
15/05/2019 10:08:2,0,24,-26,0.9,-1,37,100,91
15/05/2019 10:08:3,0,25,-26,0.9,-1,36,101,91
15/05/2019 10:08:4,0,25,-25,0.9,-1,36,101,91
15/05/2019 10:08:5,0,25,-25,0.9,-1,35,101,91
15/05/2019 10:09:00,0,25,-26,0.9,-1,35,101,90
15/05/2019 10:09:1,0,26,-26,0.9,-1,35,101,91
15/05/2019 10:09:2,0,25,-25,0.9,-1,35,101,91
15/05/2019 10:09:3,0,25,-25,0.9,-1,35,101,90
15/05/2019 10:09:4,0,26,-27,0.9,-1,36,101,91
15/05/2019 10:09:5,0,26,-26,0.9,-1,36,101,91
15/05/2019 10:10:00,0,25,-26,0.9,-1,36,101,91
15/05/2019 10:10:1,0,24,-27,0.9,-1,35,101,91
15/05/2019 10:10:2,0,25,-26,0.9,-1,35,101,90
15/05/2019 10:10:3,0,25,-27,0.9,-1,35,101,91
15/05/2019 10:10:4,0,25,-27,0.9,-1,35,101,91
15/05/2019 10:10:5,0,25,-26,0.9,-1,34,101,91
15/05/2019 10:11:00,0,25,-25,0.9,-1,35,101,91
15/05/2019 10:11:1,0,26,-26,0.9,-1,34,101,91
15/05/2019 10:11:2,0,25,-26,0.9,-1,34,101,90
15/05/2019 10:11:3,0,25,-26,0.9,-1,34,100,90
15/05/2019 10:11:4,0,25,-26,0.9,-1,35,101,89
15/05/2019 10:11:5,0,25,-26,0.9,-1,35,101,90
15/05/2019 10:12:00,0,25,-27,0.9,-1,34,101,90
15/05/2019 10:12:1,0,25,-26,0.9,-1,34,101,90
15/05/2019 10:12:2,0,24,-26,0.9,-1,35,101,90
15/05/2019 10:12:3,0,24,-26,0.9,-1,35,101,90
15/05/2019 10:12:4,0,24,-25,0.9,-1,36,101,90
15/05/2019 10:12:5,0,25,-22,0.9,-1,36,102,90
15/05/2019 10:13:00,0,25,-22,0.9,-1,36,101,89
15/05/2019 10:13:1,0,25,-23,0.9,-1,35,101,90
15/05/2019 10:13:2,0,24,-23,0.9,-1,35,101,90
15/05/2019 10:13:3,0,24,-23,0.9,-1,35,101,89
15/05/2019 10:13:4,0,24,-26,0.9,-1,36,101,89
15/05/2019 10:13:5,0,25,-25,0.9,-1,37,101,90
15/05/2019 10:14:00,0,25,-26,0.9,-1,36,102,90
15/05/2019 10:14:1,0,25,-27,0.9,-1,35,101,90
15/05/2019 10:14:2,0,25,-25,0.9,-1,36,102,89
15/05/2019 10:14:3,0,25,-26,0.9,-1,35,101,91
15/05/2019 10:14:4,0,25,-26,0.9,-1,35,101,90
15/05/2019 10:14:5,0,25,-26,0.9,-1,34,101,89
15/05/2019 10:15:00,0,25,-26,0.9,-1,34,101,90
15/05/2019 10:15:1,0,25,-26,0.9,-1,34,101,90
15/05/2019 10:15:2,0,25,-26,0.9,-1,34,101,90
15/05/2019 10:15:3,0,25,-26,0.9,-1,35,101,89
15/05/2019 10:15:4,0,25,-27,0.9,-1,38,101,90
15/05/2019 10:16:00,0,25,-25,0.9,-1,35,101,89
15/05/2019 10:16:1,0,25,-26,0.9,-1,34,101,89
15/05/2019 10:16:2,0,26,-25,0.9,-1,34,101,90
15/05/2019 10:16:3,0,25,-26,0.9,-1,35,101,89
15/05/2019 10:16:4,0,25,-26,0.9,-1,34,101,89
15/05/2019 10:16:5,0,25,-26,0.9,-1,35,101,90
15/05/2019 10:17:00,0,25,-26,0.9,-1,36,101,87
15/05/2019 10:17:1,0,25,-26,0.9,-1,36,101,89
15/05/2019 10:17:2,0,25,-27,0.9,-1,36,100,89
15/05/2019 10:17:3,0,25,-27,0.9,-1,37,101,88
15/05/2019 10:17:4,0,24,-25,0.9,-1,37,99,89
15/05/2019 10:17:5,0,24,-27,0.9,-1,38,101,90
15/05/2019 10:18:00,0,24,-27,0.9,-1,38,101,89
15/05/2019 10:18:1,0,24,-27,0.9,-1,38,101,89
15/05/2019 10:18:2,0,24,-27,0.9,-1,38,101,90
15/05/2019 10:18:3,0,24,-26,0.9,-1,39,101,89
15/05/2019 10:18:4,0,25,-27,0.9,-1,39,101,89
15/05/2019 10:18:5,0,25,-26,0.9,-1,37,101,89
15/05/2019 10:19:00,0,24,-27,0.9,-1,37,101,88
15/05/2019 10:19:1,0,25,-26,0.9,-1,36,100,89
15/05/2019 10:19:2,0,25,-26,0.9,-1,36,101,89
15/05/2019 10:19:3,0,25,-26,0.9,-1,34,101,88
15/05/2019 10:19:4,0,25,-27,0.9,-1,33,101,89
15/05/2019 10:19:5,0,25,-26,0.9,-1,32,100,89
15/05/2019 10:20:00,0,25,-26,0.9,-1,33,101,89
15/05/2019 10:20:1,0,25,-24,0.9,-1,33,100,89
15/05/2019 10:20:2,0,24,-26,0.9,-1,34,100,89
15/05/2019 10:20:3,0,24,-26,0.9,-1,35,70,89
15/05/2019 10:20:4,0,24,-26,0.9,-1,36,100,89
15/05/2019 10:20:5,0,24,-28,0.9,-1,37,101,89
15/05/2019 10:21:00,0,25,-32,0.9,-1,35,101,88
15/05/2019 10:21:1,0,25,-34,0.9,-1,35,101,88
15/05/2019 10:21:2,0,25,-36,0.9,-1,34,101,88
15/05/2019 10:21:3,0,25,-37,0.9,-1,34,101,89
15/05/2019 10:21:4,0,25,-39,0.9,-1,35,100,87
15/05/2019 10:21:5,0,24,-39,0.9,-1,34,100,89
15/05/2019 10:22:00,0,25,-38,0.9,-1,34,101,88
15/05/2019 10:22:1,0,25,-39,0.9,-1,34,101,89
15/05/2019 10:22:2,0,24,-39,0.9,-1,33,100,88
15/05/2019 10:22:3,0,25,-38,0.9,-1,34,101,89
15/05/2019 10:22:4,0,25,-39,0.9,-1,34,100,88
15/05/2019 10:22:5,0,25,-38,0.9,-1,33,101,89
15/05/2019 10:23:00,0,25,-39,0.9,-1,34,99,88
15/05/2019 10:23:1,0,25,-38,0.9,-1,34,100,88
15/05/2019 10:23:2,0,25,-39,0.9,-1,34,9,88
15/05/2019 10:23:3,0,25,-39,0.9,-1,34,100,88
15/05/2019 10:23:4,0,25,-39,0.9,-1,34,101,88
15/05/2019 10:23:5,0,25,-40,0.9,-1,35,101,87
15/05/2019 10:24:00,0,24,-38,0.9,-1,34,100,88
15/05/2019 10:24:1,0,24,-38,0.9,-1,34,100,89
15/05/2019 10:24:2,0,24,-40,0.9,-1,34,101,87
15/05/2019 10:24:3,0,25,-39,0.9,-1,35,101,87
15/05/2019 10:24:4,0,25,-40,0.9,-1,34,101,87
15/05/2019 10:24:5,0,25,-38,0.9,-1,33,100,88
15/05/2019 10:25:00,0,26,-38,0.9,-1,33,101,88
15/05/2019 10:25:1,0,26,-38,0.9,-1,33,101,88
15/05/2019 10:25:2,0,25,-39,0.9,-1,35,101,87
15/05/2019 10:25:3,0,26,-38,0.9,-1,34,101,88
15/05/2019 10:25:4,0,26,-39,0.9,-1,34,101,88
15/05/2019 10:25:5,0,26,-39,0.9,-1,34,101,86
15/05/2019 10:26:00,0,26,-39,0.9,-1,33,101,87
15/05/2019 10:26:1,0,26,-39,0.9,-1,34,101,87
15/05/2019 10:26:2,0,26,-38,0.9,-1,35,101,88
15/05/2019 10:26:3,0,25,-39,0.9,-1,35,101,88
15/05/2019 10:26:4,0,26,-38,0.9,-1,33,101,87
15/05/2019 10:27:00,0,26,-39,0.9,-1,33,101,87
15/05/2019 10:27:1,0,26,-38,0.9,-1,32,101,86
15/05/2019 10:27:2,0,25,-38,0.9,-1,33,101,88
15/05/2019 10:27:3,0,26,-38,0.9,-1,32,101,87
15/05/2019 10:27:4,0,25,-38,0.9,-1,31,101,87
15/05/2019 10:27:5,0,26,-38,0.9,-1,32,101,88
15/05/2019 10:28:00,0,26,-38,0.9,-1,32,101,87
15/05/2019 10:28:1,0,26,-38,0.9,-1,33,101,87
15/05/2019 10:28:2,0,26,-38,0.9,-1,33,101,86
15/05/2019 10:28:3,0,26,-39,0.9,-1,34,101,86
15/05/2019 10:28:4,0,26,-39,0.9,-1,33,101,87
15/05/2019 10:28:5,0,25,-39,0.9,-1,33,101,86
15/05/2019 10:29:00,0,25,-38,0.9,-1,32,101,87
15/05/2019 10:29:1,0,25,-38,0.9,-1,33,101,87
15/05/2019 10:29:2,20,26,-38,0.9,-1,34,101,86
15/05/2019 10:29:3,40,28,-40,0.9,-1,36,101,86
15/05/2019 10:29:4,84,30,-39,0.9,-1,39,101,87
15/05/2019 10:29:5,91,30,-39,0.9,-1,39,101,87
15/05/2019 10:30:00,80,30,-39,0.9,-1,37,101,87
15/05/2019 10:30:1,46,30,-38,0.9,-1,34,101,88
15/05/2019 10:30:2,23,30,-39,0.9,-1,32,101,88
15/05/2019 10:30:3,46,30,-40,0.9,-1,31,101,87
15/05/2019 10:30:4,40,30,-39,0.9,-1,31,101,87
15/05/2019 10:30:5,84,30,-38,0.9,-1,30,101,87
15/05/2019 10:31:00,62,30,-39,0.9,-1,33,101,87
15/05/2019 10:31:1,74,31,-39,0.9,-1,29,101,86
15/05/2019 10:31:2,96,31,-38,0.9,-1,31,101,85
15/05/2019 10:31:3,121,31,-38,0.9,-1,31,101,87
15/05/2019 10:31:4,164,32,-39,0.9,-1,32,101,87
15/05/2019 10:31:5,176,33,-38,0.9,-1,33,101,87
15/05/2019 10:32:00,149,33,-38,0.9,-1,32,101,87
15/05/2019 10:32:1,76,33,-38,0.9,-1,29,101,87
15/05/2019 10:32:2,64,33,-38,0.9,-1,23,101,87
15/05/2019 10:32:3,51,33,-37,0.9,-1,25,101,87
15/05/2019 10:32:4,89,33,-35,0.9,-1,25,101,87
15/05/2019 10:32:5,71,33,-36,0.9,-1,25,101,87
15/05/2019 10:33:00,66,33,-37,0.9,-1,22,101,86
15/05/2019 10:33:1,64,33,-37,0.9,-1,24,101,87
15/05/2019 10:33:2,48,32,-36,0.9,-1,25,101,86
15/05/2019 10:33:3,111,33,-35,0.9,-1,23,101,87
15/05/2019 10:33:4,149,34,-36,0.9,-1,28,101,87
15/05/2019 10:33:5,77,34,-37,0.9,-1,27,101,87
15/05/2019 10:34:00,67,33,-36,0.9,-1,22,101,86
15/05/2019 10:34:1,72,33,-35,0.9,-1,21,101,87
15/05/2019 10:34:2,77,33,-36,0.9,-1,21,101,86
15/05/2019 10:34:3,62,33,-36,0.9,-1,22,101,86
15/05/2019 10:34:4,43,32,-35,0.9,-1,22,101,86
15/05/2019 10:34:5,41,32,-37,0.9,-1,22,101,87
15/05/2019 10:35:00,44,32,-35,0.9,-1,24,101,86
15/05/2019 10:35:1,41,33,-35,0.9,-1,24,101,87
15/05/2019 10:35:2,85,34,-37,0.9,-1,23,101,87
15/05/2019 10:35:3,74,34,-36,0.9,-1,25,101,86
15/05/2019 10:35:4,80,34,-34,0.9,-1,23,101,87
15/05/2019 10:35:5,152,35,-33,0.9,-1,23,102,87
15/05/2019 10:36:00,190,35,-33,0.9,-1,25,101,87
15/05/2019 10:36:1,172,36,-34,0.9,-1,26,101,86
15/05/2019 10:36:2,179,37,-34,0.9,-1,27,101,87
15/05/2019 10:36:3,247,40,-34,0.9,-1,23,101,86
15/05/2019 10:36:4,247,40,-34,0.9,-1,27,101,85
15/05/2019 10:36:5,247,39,-33,0.9,-1,25,101,87
15/05/2019 10:37:00,216,39,-31,0.9,-1,22,101,86
15/05/2019 10:37:1,237,40,-32,0.9,-1,23,101,86
15/05/2019 10:37:2,155,38,-31,0.9,-1,25,101,86
15/05/2019 10:37:3,120,38,-31,0.9,-1,16,101,86
15/05/2019 10:37:4,116,39,-31,0.9,-1,16,101,86
15/05/2019 10:38:00,81,38,-30,0.9,-1,18,101,86
15/05/2019 10:38:1,59,38,-29,0.9,-1,16,101,86
15/05/2019 10:38:2,51,38,-29,0.9,-1,16,101,86
15/05/2019 10:38:3,63,38,-31,0.9,-1,16,101,87
15/05/2019 10:38:4,113,38,-31,0.9,-1,16,101,86
15/05/2019 10:38:5,97,37,-31,0.9,-1,20,101,86
15/05/2019 10:39:00,75,38,-31,0.9,-1,17,101,86
15/05/2019 10:39:1,130,38,-30,0.9,-1,19,100,87
15/05/2019 10:39:2,128,37,-30,0.9,-1,21,101,87
15/05/2019 10:39:3,169,38,-32,0.9,-1,20,101,86
15/05/2019 10:39:4,124,38,-31,0.9,-1,21,101,86
15/05/2019 10:39:5,184,38,-31,0.9,-1,19,101,86
15/05/2019 10:40:00,208,39,-32,0.9,-1,19,101,87
15/05/2019 10:40:1,239,39,-31,0.9,-1,19,100,87
15/05/2019 10:40:2,197,39,-32,0.9,-1,19,100,86
15/05/2019 10:40:3,118,39,-30,0.9,-1,18,101,86
15/05/2019 10:40:4,109,38,-35,0.9,-1,17,100,85
15/05/2019 10:40:5,113,39,-33,0.9,-1,18,102,86
15/05/2019 10:41:00,115,39,-31,0.9,-1,19,101,86
15/05/2019 10:41:1,107,39,-30,0.9,-1,19,101,86
15/05/2019 10:41:2,115,39,-28,0.9,-1,19,100,86
15/05/2019 10:41:3,178,39,-27,0.9,-1,18,101,86
15/05/2019 10:41:4,139,39,-27,0.9,-1,18,101,86
15/05/2019 10:41:5,121,40,-27,0.9,-1,18,101,85
15/05/2019 10:42:00,147,40,-27,0.9,-1,17,101,86
15/05/2019 10:42:1,125,39,-28,0.9,-1,18,101,86
15/05/2019 10:42:2,72,39,-27,0.9,-1,17,101,85
15/05/2019 10:42:3,49,40,-27,0.9,-1,16,101,86
15/05/2019 10:42:4,87,38,-27,0.9,-1,17,101,86
15/05/2019 10:42:5,94,37,-27,0.9,-1,17,101,85
15/05/2019 10:43:00,129,37,-27,0.9,-1,19,101,86
15/05/2019 10:43:1,151,37,-26,0.9,-1,20,101,86
15/05/2019 10:43:2,143,37,-26,0.9,-1,19,101,86
15/05/2019 10:43:3,120,37,-26,0.9,-1,21,101,85
15/05/2019 10:43:4,99,37,-26,0.9,-1,19,101,85
15/05/2019 10:43:5,98,37,-26,0.9,-1,18,101,86
15/05/2019 10:44:00,126,38,-26,0.9,-1,20,101,87
15/05/2019 10:44:1,102,38,-26,0.9,-1,21,101,85
15/05/2019 10:44:2,79,38,-26,0.9,-1,18,101,86
15/05/2019 10:44:3,78,38,-26,0.9,-1,17,101,87
15/05/2019 10:44:4,70,38,-24,0.9,-1,18,101,86
15/05/2019 10:44:5,69,39,-26,0.9,-1,18,101,87
15/05/2019 10:45:00,60,37,-26,0.9,-1,18,101,86
15/05/2019 10:45:1,72,37,-24,0.9,-1,17,101,85
15/05/2019 10:45:2,55,38,-24,0.9,-1,18,101,86
15/05/2019 10:45:3,55,38,-25,0.9,-1,16,101,86
15/05/2019 10:45:4,51,37,-24,0.9,-1,17,101,86
15/05/2019 10:45:5,67,36,-24,0.9,-1,18,101,86
15/05/2019 10:46:00,76,38,-24,0.9,-1,20,101,85
15/05/2019 10:46:1,53,37,-24,0.9,-1,20,101,86
15/05/2019 10:46:2,40,37,-24,0.9,-1,18,101,86
15/05/2019 10:46:3,30,38,-23,0.9,-1,18,101,86
15/05/2019 10:46:4,30,38,-24,0.9,-1,17,101,86
15/05/2019 10:46:5,21,38,-23,0.9,-1,17,101,86
15/05/2019 10:47:00,35,38,-24,0.9,-1,17,101,86
15/05/2019 10:47:1,38,37,-25,0.9,-1,18,101,85
15/05/2019 10:47:2,24,37,-26,0.9,-1,18,101,85
15/05/2019 10:47:3,37,38,-23,0.9,-1,18,102,85
15/05/2019 10:47:4,28,38,-24,0.9,-1,18,101,86
15/05/2019 10:48:00,32,37,-25,0.9,-1,17,101,86
15/05/2019 10:48:1,32,37,-23,0.9,-1,17,101,86
15/05/2019 10:48:2,43,36,-22,0.9,-1,18,101,85
15/05/2019 10:48:3,34,33,-24,0.9,-1,18,101,86
15/05/2019 10:48:4,32,33,-24,0.9,-1,18,101,85
15/05/2019 10:48:5,19,33,-24,0.9,-1,20,101,85
15/05/2019 10:49:00,51,32,-23,0.9,-1,19,101,85
15/05/2019 10:49:1,38,32,-23,0.9,-1,22,101,86
15/05/2019 10:49:2,29,33,-23,0.9,-1,22,101,85
15/05/2019 10:49:3,30,33,-23,0.9,-1,22,101,85
15/05/2019 10:49:4,47,33,-24,0.9,-1,21,101,85
15/05/2019 10:49:5,28,31,-23,0.9,-1,23,101,85
15/05/2019 10:50:00,25,31,-23,0.9,-1,23,101,85
15/05/2019 10:50:1,14,32,-23,0.9,-1,26,101,85
15/05/2019 10:50:2,19,32,-23,0.9,-1,25,101,85
15/05/2019 10:50:3,10,31,-24,0.9,-1,25,101,85
15/05/2019 10:50:4,11,32,-24,0.9,-1,24,100,85
15/05/2019 10:50:5,13,32,-24,0.9,-1,25,101,85
15/05/2019 10:51:00,24,30,-24,0.9,-1,23,101,84
15/05/2019 10:51:1,32,29,-23,0.9,-1,25,101,85
15/05/2019 10:51:2,20,28,-23,0.9,-1,26,100,84
15/05/2019 10:51:3,22,29,-24,0.9,-1,26,101,85
15/05/2019 10:51:4,21,29,-25,0.9,-1,24,101,86
15/05/2019 10:51:5,21,30,-23,0.9,-1,23,101,85
15/05/2019 10:52:00,22,30,-24,0.9,-1,22,101,85
15/05/2019 10:52:1,19,30,-24,0.9,-1,22,101,85
15/05/2019 10:52:2,16,31,-23,0.9,-1,21,101,85
15/05/2019 10:52:3,12,31,-24,0.9,-1,21,101,85
15/05/2019 10:52:4,16,30,-24,0.9,-1,21,101,85
15/05/2019 10:52:5,19,30,-24,0.9,-1,23,101,85
15/05/2019 10:53:00,16,30,-25,0.9,-1,23,101,85
15/05/2019 10:53:1,24,30,-24,0.9,-1,23,101,85
15/05/2019 10:53:2,23,30,-22,0.9,-1,23,101,85
15/05/2019 10:53:3,14,30,-23,0.9,-1,23,102,84
15/05/2019 10:53:4,16,30,-23,0.9,-1,23,102,85
15/05/2019 10:53:5,22,31,-24,0.9,-1,23,102,84
15/05/2019 10:54:00,23,31,-24,0.9,-1,23,102,85
15/05/2019 10:54:1,38,31,-23,0.9,-1,23,102,85
15/05/2019 10:54:2,33,31,-24,0.9,-1,24,101,85
15/05/2019 10:54:3,20,30,-24,0.9,-1,24,101,85
15/05/2019 10:54:4,0,29,-25,0.9,-1,24,101,85
15/05/2019 10:54:5,14,29,-26,0.9,-1,24,101,85
15/05/2019 10:55:00,20,30,-26,0.9,-1,24,102,85
15/05/2019 10:55:1,23,30,-24,0.9,-1,23,102,84
15/05/2019 10:55:2,24,29,-26,0.9,-1,23,101,85
15/05/2019 10:55:3,14,29,-30,0.9,-1,23,101,84
15/05/2019 10:55:4,14,29,-33,0.9,-1,23,101,85
15/05/2019 10:55:5,0,29,-35,0.9,-1,25,100,84
15/05/2019 10:56:00,14,29,-31,0.9,-1,25,101,85
15/05/2019 10:56:1,11,29,-26,0.9,-1,26,101,84
15/05/2019 10:56:2,11,30,-23,0.9,-1,26,4,84
15/05/2019 10:56:3,0,30,-21,0.9,-1,26,0,83
15/05/2019 10:56:4,0,30,-19,0.9,-1,27,0,83
15/05/2019 10:57:00,0,29,-17,0.9,-1,27,0,83
15/05/2019 10:57:1,25,30,-14,0.9,-1,26,0,84
15/05/2019 10:57:2,31,30,-13,0.9,-1,27,0,85
15/05/2019 10:57:3,28,30,-11,0.9,-1,27,0,82
15/05/2019 10:57:4,28,30,-9,0.9,-1,27,0,83
15/05/2019 10:57:5,24,30,-6,0.9,-1,28,0,83
15/05/2019 10:58:00,16,30,-3,0.9,-1,26,0,83
15/05/2019 10:58:1,16,30,-2,0.9,-1,25,0,83
15/05/2019 10:58:2,14,30,-2,0.9,-1,27,5,83
15/05/2019 10:58:3,11,30,-4,0.9,-1,26,0,83
15/05/2019 10:58:4,14,30,-3,0.9,-1,25,0,83
15/05/2019 10:58:5,19,30,-3,0.9,-1,24,98,83
15/05/2019 10:59:00,11,30,-3,0.9,-1,24,102,84
15/05/2019 10:59:1,0,30,-4,0.9,-1,24,101,83
15/05/2019 10:59:2,0,30,-4,0.9,-1,24,101,83
15/05/2019 10:59:3,10,29,-5,0.9,-1,23,101,83
15/05/2019 10:59:4,11,29,-4,0.9,-1,23,101,84
15/05/2019 10:59:5,0,29,-3,0.9,-1,23,101,83
15/05/2019 11:00:00,0,29,-3,0.9,-1,23,101,83
15/05/2019 11:00:1,0,28,-5,0.9,-1,25,100,83
15/05/2019 11:00:2,0,28,-5,0.9,-1,23,97,82
15/05/2019 11:00:3,0,28,-4,0.9,-1,24,101,83
15/05/2019 11:00:4,0,27,-4,0.9,-1,23,99,84
15/05/2019 11:00:5,0,28,-2,0.9,-1,24,98,84
15/05/2019 11:01:00,0,29,-4,0.9,-1,25,98,84
15/05/2019 11:01:1,0,29,-5,0.9,-1,25,98,84
15/05/2019 11:01:2,0,29,-4,0.9,-1,24,96,84
15/05/2019 11:01:3,0,29,-5,0.9,-1,25,42,83
15/05/2019 11:01:4,0,29,-4,0.9,-1,25,97,84
15/05/2019 11:01:5,0,29,-6,0.9,-1,25,98,83
15/05/2019 11:02:00,0,30,-4,0.9,-1,24,98,83
15/05/2019 11:02:1,0,30,-5,0.9,-1,26,98,84
15/05/2019 11:02:2,0,30,-5,0.9,-1,26,98,84
15/05/2019 11:02:3,0,30,-5,0.9,-1,26,98,84
15/05/2019 11:02:4,0,30,-4,0.9,-1,26,99,83
15/05/2019 11:02:5,0,30,-5,0.9,-1,25,98,83
15/05/2019 11:03:00,0,30,-5,0.9,-1,25,52,82
15/05/2019 11:03:1,0,30,-4,0.9,-1,25,98,83
15/05/2019 11:03:2,0,30,-5,0.9,-1,25,98,83
15/05/2019 11:03:3,0,30,-5,0.9,-1,24,53,82
15/05/2019 11:03:4,0,30,-4,0.9,-1,23,98,83
15/05/2019 11:03:5,0,30,-4,0.9,-1,23,98,83
15/05/2019 11:04:00,0,30,-4,0.9,-1,23,99,83
15/05/2019 11:04:1,0,29,-5,0.9,-1,24,93,83
15/05/2019 11:04:2,0,29,-4,0.9,-1,23,99,82
15/05/2019 11:04:3,0,30,-5,0.9,-1,23,98,82
15/05/2019 11:04:4,0,28,-5,0.9,-1,24,100,83
15/05/2019 11:04:5,0,28,-4,0.9,-1,22,101,83
15/05/2019 11:05:00,0,27,-5,0.9,-1,22,101,83
15/05/2019 11:05:1,0,28,-6,0.9,-1,22,101,83
15/05/2019 11:05:2,0,26,-5,0.9,-1,21,101,83
15/05/2019 11:05:3,0,26,-6,0.9,-1,22,101,83
15/05/2019 11:05:4,0,26,-6,0.9,-1,23,101,83
15/05/2019 11:05:5,0,25,-7,0.9,-1,24,101,82
15/05/2019 11:06:00,0,25,-6,0.9,-1,25,101,83
15/05/2019 11:06:1,0,25,-6,0.9,-1,26,101,83
15/05/2019 11:06:2,0,25,-6,0.9,-1,26,101,83
15/05/2019 11:06:3,0,25,-7,0.9,-1,26,101,82
15/05/2019 11:06:4,0,25,-6,0.9,-1,26,101,83
15/05/2019 11:06:5,0,25,-6,0.9,-1,27,101,83
15/05/2019 11:07:00,0,25,-5,0.9,-1,27,101,82
15/05/2019 11:07:1,0,25,-7,0.9,-1,27,101,82
15/05/2019 11:07:2,0,25,-6,0.9,-1,28,101,82
15/05/2019 11:07:3,0,25,-6,0.9,-1,28,101,83
15/05/2019 11:07:4,0,25,-6,0.9,-1,29,101,82
15/05/2019 11:08:00,0,24,-6,0.9,-1,29,101,82
15/05/2019 11:08:1,0,24,-6,0.9,-1,28,101,82
15/05/2019 11:08:2,0,24,-7,0.9,-1,29,101,82
15/05/2019 11:08:3,0,24,-6,0.9,-1,29,101,81
15/05/2019 11:08:4,0,24,-6,0.9,-1,29,101,82
15/05/2019 11:08:5,0,24,-6,0.9,-1,27,101,82
15/05/2019 11:09:00,0,24,-6,0.9,-1,27,101,81
15/05/2019 11:09:1,0,23,-6,0.9,-1,27,101,82
15/05/2019 11:09:2,0,24,-6,0.9,-1,27,102,82
15/05/2019 11:09:3,0,24,-7,0.9,-1,27,101,81
15/05/2019 11:09:4,0,23,-6,0.9,-1,28,101,81
15/05/2019 11:09:5,0,23,-5,0.9,-1,26,101,82
15/05/2019 11:10:00,0,23,-5,0.9,-1,27,101,81
15/05/2019 11:10:1,0,23,-5,0.9,-1,27,101,81
15/05/2019 11:10:2,0,24,-6,0.9,-1,28,100,81
15/05/2019 11:10:3,0,24,-6,0.9,-1,28,100,82
15/05/2019 11:10:4,0,24,-6,0.9,-1,27,100,81
15/05/2019 11:10:5,0,25,-6,0.9,-1,29,58,81
15/05/2019 11:11:00,0,25,-6,0.9,-1,29,100,82
15/05/2019 11:11:1,0,25,-7,0.9,-1,28,101,82
15/05/2019 11:11:2,0,25,-6,0.9,-1,28,101,81
15/05/2019 11:11:3,0,25,-5,0.9,-1,27,101,82
15/05/2019 11:11:4,0,26,-4,0.9,-1,29,101,82
15/05/2019 11:11:5,0,26,-4,0.9,-1,29,101,81
15/05/2019 11:12:00,0,26,-5,0.9,-1,29,101,81
15/05/2019 11:12:1,0,26,-6,0.9,-1,29,100,82
15/05/2019 11:12:2,0,26,-6,0.9,-1,32,101,82
15/05/2019 11:12:3,61,26,-5,0.9,-1,31,101,81
15/05/2019 11:12:4,30,26,-6,0.9,-1,31,100,81
15/05/2019 11:12:5,15,26,-5,0.9,-1,30,102,81
15/05/2019 11:13:00,10,26,-5,0.9,-1,30,102,81
15/05/2019 11:13:1,0,27,-5,0.9,-1,28,101,82
15/05/2019 11:13:2,0,27,-6,0.9,-1,28,101,83
15/05/2019 11:13:3,0,27,-6,0.9,-1,28,102,80
15/05/2019 11:13:4,0,27,-6,0.9,-1,29,100,82
15/05/2019 11:13:5,0,27,-6,0.9,-1,27,100,81
15/05/2019 11:14:00,0,27,-6,0.9,-1,26,100,82
15/05/2019 11:14:1,0,27,-4,0.9,-1,26,99,81
15/05/2019 11:14:2,0,27,-5,0.9,-1,27,101,82
15/05/2019 11:14:3,0,27,-5,0.9,-1,27,101,80
15/05/2019 11:14:4,0,27,-8,0.9,-1,25,101,81
15/05/2019 11:14:5,0,27,-10,0.9,-1,26,101,80
15/05/2019 11:15:00,0,27,-12,0.9,-1,27,101,81
15/05/2019 11:15:1,0,26,-16,0.9,-1,27,102,81
15/05/2019 11:15:2,0,26,-17,0.9,-1,26,101,81
15/05/2019 11:15:3,0,26,-20,0.9,-1,25,101,81
15/05/2019 11:15:4,0,26,-23,0.9,-1,25,101,81
15/05/2019 11:15:5,0,26,-23,0.9,-1,25,101,80
15/05/2019 11:16:00,0,27,-23,0.9,-1,25,101,81
15/05/2019 11:16:1,0,27,-22,0.9,-1,25,101,82
15/05/2019 11:16:2,0,27,-22,0.9,-1,26,101,80
15/05/2019 11:16:3,0,27,-23,0.9,-1,26,101,82
15/05/2019 11:16:4,0,27,-23,0.9,-1,26,101,81
15/05/2019 11:16:5,0,27,-23,0.9,-1,27,101,81
15/05/2019 11:17:00,0,27,-23,0.9,-1,26,101,82
15/05/2019 11:17:1,0,27,-24,0.9,-1,24,101,81
15/05/2019 11:17:2,0,27,-23,0.9,-1,24,100,80
15/05/2019 11:17:3,0,27,-24,0.9,-1,24,101,81
15/05/2019 11:17:4,0,27,-24,0.9,-1,24,101,81
15/05/2019 11:17:5,0,27,-23,0.9,-1,24,101,81
15/05/2019 11:18:00,0,27,-23,0.9,-1,24,101,81
15/05/2019 11:18:1,0,26,-22,0.9,-1,25,101,81
15/05/2019 11:18:2,0,26,-23,0.9,-1,25,101,81
15/05/2019 11:18:3,0,26,-22,0.9,-1,26,101,81
15/05/2019 11:18:4,0,26,-23,0.9,-1,26,101,81
15/05/2019 11:19:00,0,26,-23,0.9,-1,26,101,81
15/05/2019 11:19:1,0,26,-24,0.9,-1,25,99,81
15/05/2019 11:19:2,0,26,-22,0.9,-1,25,101,81
15/05/2019 11:19:3,0,25,-22,0.9,-1,26,101,80
15/05/2019 11:19:4,0,25,-23,0.9,-1,26,100,80
15/05/2019 11:19:5,0,25,-23,0.9,-1,27,100,80
15/05/2019 11:20:00,0,25,-24,0.9,-1,28,101,80
15/05/2019 11:20:1,0,26,-24,0.9,-1,28,101,80
15/05/2019 11:20:2,0,26,-24,0.9,-1,27,101,80
15/05/2019 11:20:3,0,26,-23,0.9,-1,27,101,81
15/05/2019 11:20:4,0,27,-23,0.9,-1,27,102,81
15/05/2019 11:20:5,0,27,-22,0.9,-1,27,101,80
15/05/2019 11:21:00,0,27,-23,0.9,-1,27,101,80
15/05/2019 11:21:1,0,26,-23,0.9,-1,27,101,81
15/05/2019 11:21:2,0,26,-23,0.9,-1,25,101,80
15/05/2019 11:21:3,0,27,-23,0.9,-1,26,101,81
15/05/2019 11:21:4,0,27,-24,0.9,-1,26,101,81
15/05/2019 11:21:5,0,26,-22,0.9,-1,26,101,81
15/05/2019 11:22:00,0,26,-22,0.9,-1,25,101,81
15/05/2019 11:22:1,0,27,-22,0.9,-1,26,101,81
15/05/2019 11:22:2,0,27,-22,0.9,-1,26,101,80
15/05/2019 11:22:3,0,27,-22,0.9,-1,25,101,81
15/05/2019 11:22:4,0,27,-22,0.9,-1,24,101,80
15/05/2019 11:22:5,0,27,-22,0.9,-1,24,101,80
15/05/2019 11:23:00,0,27,-23,0.9,-1,24,101,80
15/05/2019 11:23:1,0,27,-22,0.9,-1,25,101,80
15/05/2019 11:23:2,0,27,-23,0.9,-1,25,101,80
15/05/2019 11:23:3,0,27,-23,0.9,-1,25,101,80
15/05/2019 11:23:4,0,27,-22,0.9,-1,25,101,80
15/05/2019 11:23:5,0,27,-23,0.9,-1,24,101,80
15/05/2019 11:24:00,0,27,-22,0.9,-1,25,101,80
15/05/2019 11:24:1,0,27,-22,0.9,-1,26,101,80
15/05/2019 11:24:2,0,27,-22,0.9,-1,25,101,80
15/05/2019 11:24:3,0,27,-23,0.9,-1,25,101,80
15/05/2019 11:24:4,0,27,-23,0.9,-1,26,101,80
15/05/2019 11:24:5,0,27,-23,0.9,-1,26,101,80
15/05/2019 11:25:00,0,27,-22,0.9,-1,26,101,80
15/05/2019 11:25:1,0,27,-22,0.9,-1,25,101,80
15/05/2019 11:25:2,0,27,-22,0.9,-1,25,101,80
15/05/2019 11:25:3,0,27,-22,0.9,-1,25,101,79
15/05/2019 11:25:4,0,28,-22,0.9,-1,24,101,80
15/05/2019 11:25:5,0,28,-22,0.9,-1,24,101,80
15/05/2019 11:26:00,0,28,-22,0.9,-1,24,101,79
15/05/2019 11:26:1,0,28,-23,0.9,-1,25,101,80
15/05/2019 11:26:2,0,28,-23,0.9,-1,25,101,80
15/05/2019 11:26:3,0,28,-22,0.9,-1,25,101,79
15/05/2019 11:26:4,0,28,-22,0.9,-1,24,101,80
15/05/2019 11:26:5,0,28,-23,0.9,-1,24,101,79
15/05/2019 11:27:00,0,28,-23,0.9,-1,24,101,79
15/05/2019 11:27:1,0,28,-23,0.9,-1,24,101,80
15/05/2019 11:27:2,0,28,-21,0.9,-1,24,101,79
15/05/2019 11:27:3,0,28,-22,0.9,-1,22,101,80
15/05/2019 11:27:4,0,28,-22,0.9,-1,21,101,79
15/05/2019 11:27:5,0,28,-22,0.9,-1,21,101,80
15/05/2019 11:28:00,0,28,-22,0.9,-1,22,101,80
15/05/2019 11:28:1,0,28,-23,0.9,-1,22,101,80
15/05/2019 11:28:2,0,28,-23,0.9,-1,22,101,80
15/05/2019 11:28:3,0,28,-23,0.9,-1,23,102,80
15/05/2019 11:28:4,0,28,-24,0.9,-1,23,102,79
15/05/2019 11:29:00,0,28,-23,0.9,-1,23,102,80
15/05/2019 11:29:1,0,29,-23,0.9,-1,22,101,80
15/05/2019 11:29:2,0,29,-22,0.9,-1,22,101,80
15/05/2019 11:29:3,0,29,-23,0.9,-1,22,101,79
15/05/2019 11:29:4,0,30,-22,0.9,-1,23,102,79
15/05/2019 11:29:5,0,30,-23,0.9,-1,23,102,80
15/05/2019 11:30:00,14,30,-23,0.9,-1,23,102,80
15/05/2019 11:30:1,20,31,-23,0.9,-1,23,102,80
15/05/2019 11:30:2,25,31,-23,0.9,-1,23,102,79
15/05/2019 11:30:3,30,32,-22,0.9,-1,25,101,80
15/05/2019 11:30:4,38,32,-21,0.9,-1,25,101,80
15/05/2019 11:30:5,45,33,-21,0.9,-1,22,101,80
15/05/2019 11:31:00,48,33,-21,0.9,-1,20,102,80
15/05/2019 11:31:1,51,34,-21,0.9,-1,19,102,80
15/05/2019 11:31:2,50,34,-21,0.9,-1,19,102,80
15/05/2019 11:31:3,44,35,-20,0.9,-1,19,102,81
15/05/2019 11:31:4,37,35,-20,0.9,-1,19,102,80
15/05/2019 11:31:5,35,36,-21,0.9,-1,17,101,81
15/05/2019 11:32:00,30,36,-20,0.9,-1,18,101,81
15/05/2019 11:32:1,27,36,-19,0.9,-1,18,102,81
15/05/2019 11:32:2,25,37,-19,0.9,-1,17,102,81
15/05/2019 11:32:3,23,37,-20,0.9,-1,17,101,81
15/05/2019 11:32:4,30,36,-23,0.9,-1,16,101,81
15/05/2019 11:32:5,27,37,-24,0.9,-1,16,101,81
15/05/2019 11:33:00,24,37,-23,0.9,-1,17,101,82
15/05/2019 11:33:1,19,38,-23,0.9,-1,16,101,81
15/05/2019 11:33:2,16,38,-24,0.9,-1,16,101,82
15/05/2019 11:33:3,12,38,-20,0.9,-1,15,102,82
15/05/2019 11:33:4,0,38,-18,0.9,-1,14,101,81
15/05/2019 11:33:5,0,38,-21,0.9,-1,14,101,81
15/05/2019 11:34:00,0,37,-21,0.9,-1,15,102,81
15/05/2019 11:34:1,0,38,-20,0.9,-1,15,101,81
15/05/2019 11:34:2,0,38,-18,0.9,-1,16,100,82
15/05/2019 11:34:3,0,37,-17,0.9,-1,15,101,82
15/05/2019 11:34:4,0,37,-15,0.9,-1,15,101,81
15/05/2019 11:34:5,0,37,-15,0.9,-1,15,101,82
15/05/2019 11:35:00,0,37,-13,0.9,-1,15,101,82
15/05/2019 11:35:1,0,36,-12,0.9,-1,14,101,81
15/05/2019 11:35:2,0,36,-14,0.9,-1,16,101,82
15/05/2019 11:35:3,0,35,-11,0.9,-1,16,101,81
15/05/2019 11:35:4,0,35,-9,0.9,-1,15,101,81
15/05/2019 11:35:5,0,35,-10,0.9,-1,15,101,81
15/05/2019 11:36:00,0,35,-13,0.9,-1,16,101,81
15/05/2019 11:36:1,0,35,-10,0.9,-1,16,101,81
15/05/2019 11:36:2,0,35,-10,0.9,-1,16,101,81
15/05/2019 11:36:3,0,35,-11,0.9,-1,16,101,81
15/05/2019 11:36:4,0,35,-9,0.9,-1,17,101,81
15/05/2019 11:36:5,0,35,-7,0.9,-1,16,102,82
15/05/2019 11:37:00,0,35,-7,0.9,-1,16,101,81
15/05/2019 11:37:1,0,34,-8,0.9,-1,17,101,81
15/05/2019 11:37:2,0,34,-7,0.9,-1,18,101,81
15/05/2019 11:37:3,0,34,-7,0.9,-1,17,101,80
15/05/2019 11:37:4,0,34,-7,0.9,-1,17,102,81
15/05/2019 11:37:5,0,34,-7,0.9,-1,17,101,81
15/05/2019 11:38:00,0,34,-7,0.9,-1,17,101,81
15/05/2019 11:38:1,0,34,-7,0.9,-1,18,102,81
15/05/2019 11:38:2,0,34,-7,0.9,-1,18,101,81
15/05/2019 11:38:3,0,34,-8,0.9,-1,18,101,81
15/05/2019 11:38:4,0,33,-7,0.9,-1,17,102,81
15/05/2019 11:38:5,0,33,-8,0.9,-1,18,101,81
15/05/2019 11:39:00,0,33,-8,0.9,-1,18,102,81
15/05/2019 11:39:1,0,33,-7,0.9,-1,18,100,82
15/05/2019 11:39:2,0,33,-7,0.9,-1,19,101,80
15/05/2019 11:39:3,0,33,-9,0.9,-1,18,101,81
15/05/2019 11:39:4,0,33,-9,0.9,-1,18,101,81
15/05/2019 11:40:00,0,33,-10,0.9,-1,18,101,80
15/05/2019 11:40:1,0,33,-9,0.9,-1,17,101,80
15/05/2019 11:40:2,0,33,-7,0.9,-1,16,101,81
15/05/2019 11:40:3,0,32,-7,0.9,-1,16,101,81
15/05/2019 11:40:4,0,32,-3,0.9,-1,16,101,80
15/05/2019 11:40:5,0,32,-4,0.9,-1,16,101,81
15/05/2019 11:41:00,0,31,-4,0.9,-1,18,101,81
15/05/2019 11:41:1,0,30,-6,0.9,-1,19,101,80
15/05/2019 11:41:2,0,30,-3,0.9,-1,19,101,80
15/05/2019 11:41:3,0,30,-4,0.9,-1,20,85,79
15/05/2019 11:41:4,0,29,-5,0.9,-1,19,101,79
15/05/2019 11:41:5,0,28,-4,0.9,-1,20,101,81
15/05/2019 11:42:00,0,28,-8,0.9,-1,22,101,80
15/05/2019 11:42:1,0,27,-12,0.9,-1,22,101,81
15/05/2019 11:42:2,0,29,-14,0.9,-1,22,101,79
15/05/2019 11:42:3,0,29,-14,0.9,-1,21,101,79
15/05/2019 11:42:4,0,29,-12,0.9,-1,21,101,80
15/05/2019 11:42:5,0,30,-10,0.9,-1,20,101,80
15/05/2019 11:43:00,0,29,-7,0.9,-1,20,101,81
15/05/2019 11:43:1,0,30,-5,0.9,-1,20,101,79
15/05/2019 11:43:2,0,30,-4,0.9,-1,21,101,80
15/05/2019 11:43:3,0,30,-4,0.9,-1,21,101,80
15/05/2019 11:43:4,0,29,-3,0.9,-1,22,101,80
15/05/2019 11:43:5,0,29,-5,0.9,-1,23,101,80
15/05/2019 11:44:00,0,29,-6,0.9,-1,23,101,80
15/05/2019 11:44:1,0,28,-5,0.9,-1,24,101,80
15/05/2019 11:44:2,0,29,-4,0.9,-1,23,101,80
15/05/2019 11:44:3,0,29,-5,0.9,-1,23,101,80
15/05/2019 11:44:4,0,28,-4,0.9,-1,23,101,80
15/05/2019 11:44:5,0,28,-3,0.9,-1,23,101,79
15/05/2019 11:45:00,0,29,-4,0.9,-1,24,101,79
15/05/2019 11:45:1,0,28,-3,0.9,-1,24,101,79
15/05/2019 11:45:2,0,29,-4,0.9,-1,23,101,79
15/05/2019 11:45:3,0,29,-5,0.9,-1,22,101,80
15/05/2019 11:45:4,0,29,-6,0.9,-1,22,101,80
15/05/2019 11:45:5,0,29,-5,0.9,-1,22,101,80
15/05/2019 11:46:00,0,28,-4,0.9,-1,21,101,80
15/05/2019 11:46:1,0,29,-3,0.9,-1,22,101,79
15/05/2019 11:46:2,0,28,-3,0.9,-1,22,101,79
15/05/2019 11:46:3,0,28,-3,0.9,-1,22,101,80
15/05/2019 11:46:4,0,28,-4,0.9,-1,22,101,79
15/05/2019 11:46:5,0,28,-3,0.9,-1,23,101,79
15/05/2019 11:47:00,0,29,-4,0.9,-1,24,101,80
15/05/2019 11:47:1,0,28,-4,0.9,-1,25,101,79
15/05/2019 11:47:2,0,28,-5,0.9,-1,25,101,80
15/05/2019 11:47:3,0,28,-4,0.9,-1,25,100,79
15/05/2019 11:47:4,0,27,-5,0.9,-1,23,101,78
15/05/2019 11:47:5,0,27,-4,0.9,-1,24,101,78
15/05/2019 11:48:00,0,27,-4,0.9,-1,25,101,79
15/05/2019 11:48:1,0,27,-5,0.9,-1,25,101,79
15/05/2019 11:48:2,0,28,-4,0.9,-1,25,102,79
15/05/2019 11:48:3,0,28,-3,0.9,-1,26,101,79
15/05/2019 11:48:4,0,28,-2,0.9,-1,24,101,78
15/05/2019 11:48:5,0,28,-4,0.9,-1,23,101,79
15/05/2019 11:49:00,0,27,-4,0.9,-1,22,101,79
15/05/2019 11:49:1,0,27,-3,0.9,-1,22,101,79
15/05/2019 11:49:2,0,27,-2,0.9,-1,22,101,79
15/05/2019 11:49:3,0,28,-4,0.9,-1,23,101,79
15/05/2019 11:49:4,0,28,-3,0.9,-1,23,102,79
15/05/2019 11:50:00,0,28,-3,0.9,-1,24,101,79
15/05/2019 11:50:1,0,28,-3,0.9,-1,24,101,79
15/05/2019 11:50:2,0,26,-3,0.9,-1,24,102,79
15/05/2019 11:50:3,0,27,0,0.9,-1,24,102,78
15/05/2019 11:50:4,0,27,-3,0.9,-1,26,101,79
15/05/2019 11:50:5,0,27,-2,0.9,-1,25,101,78
15/05/2019 11:51:00,0,27,-3,0.9,-1,25,102,79
15/05/2019 11:51:1,0,28,-3,0.9,-1,25,101,79
15/05/2019 11:51:2,0,28,-3,0.9,-1,26,101,79
15/05/2019 11:51:3,0,28,-4,0.9,-1,27,101,79
15/05/2019 11:51:4,0,28,-4,0.9,-1,27,101,79
15/05/2019 11:51:5,0,27,-4,0.9,-1,26,101,79
15/05/2019 11:52:00,0,27,-4,0.9,-1,26,101,78
15/05/2019 11:52:1,0,27,-3,0.9,-1,26,101,78
15/05/2019 11:52:2,0,28,-4,0.9,-1,25,101,78
15/05/2019 11:52:3,0,26,-4,0.9,-1,23,101,79
15/05/2019 11:52:4,0,27,-5,0.9,-1,22,101,78
15/05/2019 11:52:5,0,27,-3,0.9,-1,23,101,78
15/05/2019 11:53:00,0,27,-3,0.9,-1,23,101,78
15/05/2019 11:53:1,0,27,-4,0.9,-1,25,101,78
15/05/2019 11:53:2,0,26,-4,0.9,-1,25,101,78
15/05/2019 11:53:3,0,27,-4,0.9,-1,25,101,78
15/05/2019 11:53:4,0,27,-4,0.9,-1,25,101,77
15/05/2019 11:53:5,0,27,-4,0.9,-1,26,101,78
15/05/2019 11:54:00,0,26,-2,0.9,-1,25,101,79
15/05/2019 11:54:1,0,26,-3,0.9,-1,24,101,78
15/05/2019 11:54:2,0,25,-3,0.9,-1,24,101,79
15/05/2019 11:54:3,0,26,-2,0.9,-1,24,101,78
15/05/2019 11:54:4,0,26,-4,0.9,-1,26,101,77
15/05/2019 11:54:5,0,26,-3,0.9,-1,26,101,78
15/05/2019 11:55:00,0,26,-4,0.9,-1,26,101,79
15/05/2019 11:55:1,0,25,-3,0.9,-1,26,101,79
15/05/2019 11:55:2,0,25,-3,0.9,-1,26,101,78
15/05/2019 11:55:3,0,26,-3,0.9,-1,26,101,78
15/05/2019 11:55:4,0,26,-3,0.9,-1,26,101,77
15/05/2019 11:55:5,17,27,-2,0.9,-1,26,101,78
15/05/2019 11:56:00,54,28,-5,0.9,-1,28,101,78
15/05/2019 11:56:1,64,29,-4,0.9,-1,26,101,78
15/05/2019 11:56:2,67,29,-4,0.9,-1,25,101,77
15/05/2019 11:56:3,29,28,-5,0.9,-1,23,101,78
15/05/2019 11:56:4,17,28,-5,0.9,-1,22,101,79
15/05/2019 11:56:5,21,28,-5,0.9,-1,23,101,78
15/05/2019 11:57:00,15,27,-5,0.9,-1,25,101,78
15/05/2019 11:57:1,14,27,-5,0.9,-1,24,101,78
15/05/2019 11:57:2,16,26,-4,0.9,-1,22,101,78
15/05/2019 11:57:3,10,26,-5,0.9,-1,22,101,78
15/05/2019 11:57:4,11,26,-4,0.9,-1,22,101,78
15/05/2019 11:57:5,0,26,-5,0.9,-1,23,101,77
15/05/2019 11:58:00,12,26,-4,0.9,-1,22,101,77
15/05/2019 11:58:1,10,26,-4,0.9,-1,23,101,77
15/05/2019 11:58:2,0,26,-3,0.9,-1,23,101,78
15/05/2019 11:58:3,0,26,-6,0.9,-1,23,101,77
15/05/2019 11:58:4,0,26,-4,0.9,-1,23,101,78
15/05/2019 11:58:5,0,27,-4,0.9,-1,23,101,78
15/05/2019 11:59:00,0,26,-4,0.9,-1,22,101,78
15/05/2019 11:59:1,0,26,-5,0.9,-1,23,101,78
15/05/2019 11:59:2,0,26,-7,0.9,-1,24,101,77
15/05/2019 11:59:3,0,27,-4,0.9,-1,24,101,77
15/05/2019 11:59:4,0,27,-4,0.9,-1,23,102,78
15/05/2019 11:59:5,0,27,-6,0.9,-1,22,101,78
15/05/2019 12:00:00,0,27,-4,0.9,-1,23,101,78
15/05/2019 12:00:1,0,27,-5,0.9,-1,23,101,77
15/05/2019 12:00:2,0,27,-5,0.9,-1,23,101,78
15/05/2019 12:00:3,0,26,-5,0.9,-1,24,101,77
15/05/2019 12:00:4,0,26,-4,0.9,-1,23,101,78
15/05/2019 12:01:00,0,26,-4,0.9,-1,22,101,77
15/05/2019 12:01:1,0,26,-4,0.9,-1,23,101,78
15/05/2019 12:01:2,0,26,-5,0.9,-1,24,101,77
15/05/2019 12:01:3,11,26,-5,0.9,-1,25,101,77
15/05/2019 12:01:4,15,26,-5,0.9,-1,24,101,77
15/05/2019 12:01:5,0,26,-3,0.9,-1,25,101,78
15/05/2019 12:02:00,48,27,-4,0.9,-1,25,101,77
15/05/2019 12:02:1,70,28,-4,0.9,-1,29,101,77
15/05/2019 12:02:2,63,28,-2,0.9,-1,27,96,77
15/05/2019 12:02:3,106,29,-3,0.9,-1,27,101,77
15/05/2019 12:02:4,91,29,-6,0.9,-1,32,101,77
15/05/2019 12:02:5,84,31,-3,0.9,-1,28,101,77
15/05/2019 12:03:00,184,42,-2,0.9,-1,26,101,77
15/05/2019 12:03:1,227,40,-2,0.9,-1,26,101,77
15/05/2019 12:03:2,247,41,-4,0.9,-1,21,101,77
15/05/2019 12:03:3,247,42,-5,0.9,-1,23,101,78
15/05/2019 12:03:4,247,45,-4,0.9,-1,17,101,77
15/05/2019 12:03:5,247,48,0,0.9,-1,16,101,78
15/05/2019 12:04:00,247,48,-6,0.9,-1,14,101,77
15/05/2019 12:04:1,247,46,-5,0.9,-1,13,101,78
15/05/2019 12:04:2,247,47,-9,0.9,-1,9,101,79
15/05/2019 12:04:3,247,54,-7,0.9,-1,14,101,78
15/05/2019 12:04:4,247,55,-6,0.9,-1,12,101,78
15/05/2019 12:04:5,247,59,-5,0.9,-1,14,101,79
15/05/2019 12:05:00,247,62,-5,0.9,-1,13,101,78
15/05/2019 12:05:1,247,58,-4,0.9,-1,12,101,78
15/05/2019 12:05:2,247,55,-5,0.9,-1,13,101,79
15/05/2019 12:05:3,247,52,-3,0.9,-1,10,101,79
15/05/2019 12:05:4,247,52,-6,0.9,-1,11,101,79
15/05/2019 12:05:5,247,51,-3,0.9,-1,12,101,79
15/05/2019 12:06:00,247,52,-3,0.9,-1,15,101,78
15/05/2019 12:06:1,247,49,-3,0.9,-1,16,17,78
15/05/2019 12:06:2,247,47,-4,0.9,-1,13,101,79
15/05/2019 12:06:3,247,47,-4,0.9,-1,19,101,78
15/05/2019 12:06:4,247,46,-4,0.9,-1,16,101,78
15/05/2019 12:06:5,247,45,-5,0.9,-1,15,101,80
15/05/2019 12:07:00,247,44,-3,0.9,-1,14,101,78
15/05/2019 12:07:1,247,44,-4,0.9,-1,14,101,79
15/05/2019 12:07:2,247,43,-5,0.9,-1,14,101,79
15/05/2019 12:07:3,247,41,-5,0.9,-1,14,101,79
15/05/2019 12:07:4,247,43,-4,0.9,-1,17,100,79
15/05/2019 12:07:5,247,43,-3,0.9,-1,16,100,79
15/05/2019 12:08:00,247,43,-3,0.9,-1,16,101,78
15/05/2019 12:08:1,247,42,-4,0.9,-1,16,100,79
15/05/2019 12:08:2,247,42,-4,0.9,-1,17,100,79
15/05/2019 12:08:3,247,42,-4,0.9,-1,17,100,79
15/05/2019 12:08:4,247,42,-4,0.9,-1,17,100,78
15/05/2019 12:08:5,247,42,-4,0.9,-1,17,101,79
15/05/2019 12:09:00,247,40,-4,0.9,-1,17,101,79
15/05/2019 12:09:1,247,39,-3,0.9,-1,15,101,79
15/05/2019 12:09:2,247,39,-5,0.9,-1,15,101,78
15/05/2019 12:09:3,247,37,-3,0.9,-1,17,98,79
15/05/2019 12:09:4,247,35,-4,0.9,-1,15,101,78
15/05/2019 12:09:5,247,34,-3,0.9,-1,16,101,79
15/05/2019 12:10:00,247,35,-4,0.9,-1,19,101,78
15/05/2019 12:10:1,247,34,-5,0.9,-1,18,101,79
15/05/2019 12:10:2,247,35,-2,0.9,-1,17,101,79
15/05/2019 12:10:3,247,33,-3,0.9,-1,16,101,79
15/05/2019 12:10:4,247,34,-4,0.9,-1,17,101,78
15/05/2019 12:11:00,247,35,-2,0.9,-1,17,101,78
15/05/2019 12:11:1,247,35,-2,0.9,-1,17,102,78
15/05/2019 12:11:2,247,33,-4,0.9,-1,17,100,78
15/05/2019 12:11:3,247,32,-2,0.9,-1,15,101,78
15/05/2019 12:11:4,247,32,-3,0.9,-1,16,101,78
15/05/2019 12:11:5,247,32,-2,0.9,-1,17,101,79
15/05/2019 12:12:00,247,33,0,0.9,-1,17,101,78
15/05/2019 12:12:1,247,33,-2,0.9,-1,18,101,78
15/05/2019 12:12:2,247,32,-3,0.9,-1,18,100,78
15/05/2019 12:12:3,247,32,-5,0.9,-1,19,101,78
15/05/2019 12:12:4,247,32,-2,0.9,-1,18,101,79
15/05/2019 12:12:5,247,32,-4,0.9,-1,18,101,78
15/05/2019 12:13:00,247,33,-2,0.9,-1,18,101,78
15/05/2019 12:13:1,247,33,-3,0.9,-1,19,101,78
15/05/2019 12:13:2,247,32,-5,0.9,-1,20,101,78
15/05/2019 12:13:3,247,32,-4,0.9,-1,20,101,79
15/05/2019 12:13:4,247,32,-3,0.9,-1,20,101,77
15/05/2019 12:13:5,247,32,0,0.9,-1,19,102,78
15/05/2019 12:14:00,247,32,0,0.9,-1,18,102,78
15/05/2019 12:14:1,247,32,-2,0.9,-1,19,101,78
15/05/2019 12:14:2,247,31,-3,0.9,-1,20,101,78
15/05/2019 12:14:3,181,32,0,0.9,-1,18,101,79
15/05/2019 12:14:4,94,32,-2,0.9,-1,19,101,78
15/05/2019 12:14:5,81,31,-2,0.9,-1,18,101,78
15/05/2019 12:15:00,71,30,-2,0.9,-1,20,101,78
15/05/2019 12:15:1,79,30,-3,0.9,-1,21,101,78
15/05/2019 12:15:2,75,29,-3,0.9,-1,21,100,78
15/05/2019 12:15:3,111,30,-3,0.9,-1,20,101,78
15/05/2019 12:15:4,120,29,-5,0.9,-1,24,101,78
15/05/2019 12:15:5,121,29,-3,0.9,-1,24,100,78
15/05/2019 12:16:00,98,29,-3,0.9,-1,24,100,78
15/05/2019 12:16:1,78,29,-3,0.9,-1,23,100,77
15/05/2019 12:16:2,76,29,0,0.9,-1,22,101,78
15/05/2019 12:16:3,72,30,0,0.9,-1,22,102,78
15/05/2019 12:16:4,60,29,-3,0.9,-1,22,101,78
15/05/2019 12:16:5,73,30,-4,0.9,-1,21,101,78
15/05/2019 12:17:00,83,30,0,0.9,-1,21,100,78
15/05/2019 12:17:1,91,30,0,0.9,-1,21,101,77
15/05/2019 12:17:2,93,30,-2,0.9,-1,21,102,77
15/05/2019 12:17:3,103,30,0,0.9,-1,21,101,78
15/05/2019 12:17:4,100,30,-4,0.9,-1,22,100,78
15/05/2019 12:17:5,83,30,-2,0.9,-1,23,98,78
15/05/2019 12:18:00,70,30,0,0.9,-1,22,98,78
15/05/2019 12:18:1,70,30,0,0.9,-1,23,99,77
15/05/2019 12:18:2,70,30,-5,0.9,-1,23,99,77
15/05/2019 12:18:3,63,30,1,0.9,-1,24,101,77
15/05/2019 12:18:4,73,30,-2,0.9,-1,22,101,78
15/05/2019 12:18:5,105,30,-2,0.9,-1,22,101,78
15/05/2019 12:19:00,105,31,-3,0.9,-1,22,101,78
15/05/2019 12:19:1,96,31,-2,0.9,-1,22,101,78
15/05/2019 12:19:2,99,30,-2,0.9,-1,23,101,77
15/05/2019 12:19:3,105,31,-4,0.9,-1,22,100,78
15/05/2019 12:19:4,98,31,-4,0.9,-1,22,99,78
15/05/2019 12:19:5,74,31,-5,0.9,-1,21,98,77
15/05/2019 12:20:00,70,31,-2,0.9,-1,20,78,78
15/05/2019 12:20:1,70,31,-3,0.9,-1,22,85,78
15/05/2019 12:20:2,68,31,0,0.9,-1,23,97,78
15/05/2019 12:20:3,69,31,0,0.9,-1,23,97,78
15/05/2019 12:20:4,66,31,0,0.9,-1,23,96,77
15/05/2019 12:21:00,70,31,0,0.9,-1,24,97,78
15/05/2019 12:21:1,64,31,-2,0.9,-1,24,96,78
15/05/2019 12:21:2,64,31,-2,0.9,-1,25,59,77
15/05/2019 12:21:3,63,32,-2,0.9,-1,25,81,77
15/05/2019 12:21:4,64,32,-2,0.9,-1,26,78,78
15/05/2019 12:21:5,67,32,0,0.9,-1,26,51,78
15/05/2019 12:22:00,64,32,-2,0.9,-1,26,85,78
15/05/2019 12:22:1,64,32,-2,0.9,-1,27,98,77
15/05/2019 12:22:2,56,31,-7,0.9,-1,28,98,77
15/05/2019 12:22:3,51,31,-6,0.9,-1,22,90,77
15/05/2019 12:22:4,58,32,-4,0.9,-1,23,100,77
15/05/2019 12:22:5,40,30,-5,0.9,-1,21,101,77
15/05/2019 12:23:00,34,30,1,0.9,-1,19,102,77
15/05/2019 12:23:1,33,31,1,0.9,-1,20,101,77
15/05/2019 12:23:2,51,31,0,0.9,-1,20,101,78
15/05/2019 12:23:3,46,31,0,0.9,-1,22,101,77
15/05/2019 12:23:4,59,31,2,0.9,-1,21,101,77
15/05/2019 12:23:5,78,31,2,0.9,-1,21,101,77
15/05/2019 12:24:00,56,29,0,0.9,-1,22,101,77
15/05/2019 12:24:1,39,29,0,0.9,-1,22,101,77
15/05/2019 12:24:2,35,29,1,0.9,-1,22,101,77
15/05/2019 12:24:3,56,30,2,0.9,-1,22,101,77
15/05/2019 12:24:4,43,30,4,0.9,-1,21,101,77
15/05/2019 12:24:5,42,30,0,0.9,-1,20,101,77
15/05/2019 12:25:00,38,30,3,0.9,-1,20,101,77
15/05/2019 12:25:1,26,30,5,0.9,-1,22,101,77
15/05/2019 12:25:2,16,30,7,0.9,-1,22,101,77
15/05/2019 12:25:3,13,30,6,0.9,-1,23,101,78
15/05/2019 12:25:4,18,30,7,0.9,-1,22,101,77
15/05/2019 12:25:5,29,29,6,0.9,-1,22,101,77
15/05/2019 12:26:00,41,29,6,0.9,-1,21,101,77
15/05/2019 12:26:1,48,28,4,0.9,-1,22,101,77
15/05/2019 12:26:2,40,27,1,0.9,-1,22,101,76
15/05/2019 12:26:3,38,27,0,0.9,-1,23,101,77
15/05/2019 12:26:4,50,27,0,0.9,-1,24,101,77
15/05/2019 12:26:5,62,27,0,0.9,-1,24,102,77
15/05/2019 12:27:00,45,27,0,0.9,-1,24,101,77
15/05/2019 12:27:1,48,28,0,0.9,-1,24,101,77
15/05/2019 12:27:2,54,28,0,0.9,-1,24,101,77
15/05/2019 12:27:3,53,28,0,0.9,-1,24,101,77
15/05/2019 12:27:4,53,28,0,0.9,-1,25,101,77
15/05/2019 12:27:5,46,26,0,0.9,-1,24,101,77
15/05/2019 12:28:00,48,27,0,0.9,-1,24,101,77
15/05/2019 12:28:1,45,27,0,0.9,-1,24,101,77
15/05/2019 12:28:2,42,27,-3,0.9,-1,23,100,77
15/05/2019 12:28:3,38,27,-2,0.9,-1,23,101,77
15/05/2019 12:28:4,48,27,0,0.9,-1,23,101,77
15/05/2019 12:28:5,54,27,0,0.9,-1,25,101,77
15/05/2019 12:29:00,59,27,0,0.9,-1,25,101,77
15/05/2019 12:29:1,72,27,0,0.9,-1,26,100,77
15/05/2019 12:29:2,48,27,0,0.9,-1,25,101,77
15/05/2019 12:29:3,48,27,-2,0.9,-1,22,101,77
15/05/2019 12:29:4,47,27,0,0.9,-1,23,101,77
15/05/2019 12:29:5,62,27,-3,0.9,-1,25,100,77
15/05/2019 12:30:00,59,27,-3,0.9,-1,26,100,77
15/05/2019 12:30:1,53,27,0,0.9,-1,26,101,77
15/05/2019 12:30:2,51,27,0,0.9,-1,27,101,77
15/05/2019 12:30:3,46,27,-4,0.9,-1,26,101,77
15/05/2019 12:30:4,46,28,-6,0.9,-1,26,101,77
15/05/2019 12:31:00,52,28,0,0.9,-1,25,101,77
15/05/2019 12:31:1,59,27,0,0.9,-1,24,102,77
15/05/2019 12:31:2,50,28,-3,0.9,-1,25,101,77
15/05/2019 12:31:3,45,28,-2,0.9,-1,25,101,77
15/05/2019 12:31:4,64,28,-2,0.9,-1,25,99,77
15/05/2019 12:31:5,76,28,-4,0.9,-1,26,101,76
15/05/2019 12:32:00,89,28,-2,0.9,-1,26,100,77
15/05/2019 12:32:1,63,28,-2,0.9,-1,26,101,77
15/05/2019 12:32:2,48,28,-2,0.9,-1,25,100,76
15/05/2019 12:32:3,37,28,-3,0.9,-1,26,100,77
15/05/2019 12:32:4,44,28,-2,0.9,-1,26,100,77
15/05/2019 12:32:5,43,28,-2,0.9,-1,28,101,77
15/05/2019 12:33:00,35,28,1,0.9,-1,29,101,76
15/05/2019 12:33:1,41,28,-2,0.9,-1,30,101,77
15/05/2019 12:33:2,35,28,-2,0.9,-1,31,101,77
15/05/2019 12:33:3,28,26,-2,0.9,-1,30,101,75
15/05/2019 12:33:4,33,26,1,0.9,-1,28,101,77
15/05/2019 12:33:5,31,26,-4,0.9,-1,28,101,77
15/05/2019 12:34:00,26,25,-2,0.9,-1,27,100,77
15/05/2019 12:34:1,33,25,-2,0.9,-1,27,100,77
15/05/2019 12:34:2,41,26,-3,0.9,-1,30,99,76
15/05/2019 12:34:3,54,26,-2,0.9,-1,31,101,77
15/05/2019 12:34:4,37,27,-2,0.9,-1,32,102,77
15/05/2019 12:34:5,40,27,-2,0.9,-1,30,32,76
15/05/2019 12:35:00,46,27,-3,0.9,-1,27,100,77
15/05/2019 12:35:1,38,28,-3,0.9,-1,26,100,77
15/05/2019 12:35:2,39,28,-2,0.9,-1,25,100,76
15/05/2019 12:35:3,42,28,-5,0.9,-1,25,101,77
15/05/2019 12:35:4,44,28,-3,0.9,-1,25,101,77
15/05/2019 12:35:5,41,28,-4,0.9,-1,25,56,77
15/05/2019 12:36:00,48,28,-4,0.9,-1,25,101,76
15/05/2019 12:36:1,35,28,-5,0.9,-1,24,101,77
15/05/2019 12:36:2,38,28,-2,0.9,-1,24,101,76
15/05/2019 12:36:3,30,28,-3,0.9,-1,25,101,77
15/05/2019 12:36:4,34,28,0,0.9,-1,27,102,76
15/05/2019 12:36:5,38,28,-2,0.9,-1,28,102,77
15/05/2019 12:37:00,43,28,-4,0.9,-1,29,101,77
15/05/2019 12:37:1,46,28,-3,0.9,-1,30,101,77
15/05/2019 12:37:2,39,28,-4,0.9,-1,31,100,77
15/05/2019 12:37:3,32,28,-4,0.9,-1,30,100,76
15/05/2019 12:37:4,19,28,0,0.9,-1,29,101,76
15/05/2019 12:37:5,19,28,1,0.9,-1,29,101,77
15/05/2019 12:38:00,12,28,1,0.9,-1,29,101,76
15/05/2019 12:38:1,14,28,2,0.9,-1,30,101,76
15/05/2019 12:38:2,14,28,2,0.9,-1,30,101,77
15/05/2019 12:38:3,11,28,2,0.9,-1,29,101,75
15/05/2019 12:38:4,14,28,2,0.9,-1,29,101,77
15/05/2019 12:38:5,25,28,3,0.9,-1,29,101,77
15/05/2019 12:39:00,20,28,2,0.9,-1,30,101,76
15/05/2019 12:39:1,0,28,2,0.9,-1,29,100,75
15/05/2019 12:39:2,0,28,2,0.9,-1,30,101,77
15/05/2019 12:39:3,0,28,2,0.9,-1,29,101,76
15/05/2019 12:39:4,0,28,1,0.9,-1,28,101,77
15/05/2019 12:39:5,0,28,3,0.9,-1,28,101,77
15/05/2019 12:40:00,0,28,2,0.9,-1,28,101,76
15/05/2019 12:40:1,0,28,8,0.9,-1,28,101,76
15/05/2019 12:40:2,0,27,4,0.9,-1,29,101,76
15/05/2019 12:40:3,0,27,4,0.9,-1,27,101,77
15/05/2019 12:40:4,0,27,8,0.9,-1,27,100,76
15/05/2019 12:40:5,0,27,13,0.89,-1,26,102,75
15/05/2019 12:41:00,0,27,8,0.9,-1,25,100,76
15/05/2019 12:41:1,0,27,15,0.89,-1,26,99,75
15/05/2019 12:41:2,0,27,24,0.89,-1,26,100,75
15/05/2019 12:41:3,0,27,37,0.89,-1,26,99,75
15/05/2019 12:41:4,0,28,46,0.89,-1,27,100,75
15/05/2019 12:42:00,0,28,50,0.89,-1,27,99,75
15/05/2019 12:42:1,0,28,58,0.89,-1,27,100,74
15/05/2019 12:42:2,0,28,67,0.89,-1,27,100,75
15/05/2019 12:42:3,0,28,72,0.89,-1,26,100,75
15/05/2019 12:42:4,0,28,79,0.89,-1,26,100,75
15/05/2019 12:42:5,0,28,89,0.89,-1,26,99,74
15/05/2019 12:43:00,0,28,93,0.89,-1,27,99,75
15/05/2019 12:43:1,0,28,88,0.89,-1,27,100,75
15/05/2019 12:43:2,0,28,92,0.89,-1,27,100,75
15/05/2019 12:43:3,0,28,95,0.89,-1,28,100,74
15/05/2019 12:43:4,0,28,94,0.89,-1,28,99,75
15/05/2019 12:43:5,0,28,95,0.89,-1,28,100,75
15/05/2019 12:44:00,0,28,98,0.89,-1,27,99,75
15/05/2019 12:44:1,0,28,99,0.89,-1,28,99,74
15/05/2019 12:44:2,0,28,104,0.89,-1,28,100,75
15/05/2019 12:44:3,0,28,108,0.88,-1,28,100,74
15/05/2019 12:44:4,0,28,108,0.88,-1,28,99,75
15/05/2019 12:44:5,0,28,107,0.88,-1,28,101,74
15/05/2019 12:45:00,0,28,105,0.89,-1,27,101,75
15/05/2019 12:45:1,0,27,106,0.88,-1,27,102,74
15/05/2019 12:45:2,0,28,105,0.89,-1,28,101,73
15/05/2019 12:45:3,0,28,106,0.88,-1,28,101,75
15/05/2019 12:45:4,0,28,105,0.89,-1,27,101,74
15/05/2019 12:45:5,0,28,105,0.89,-1,27,100,75
15/05/2019 12:46:00,0,28,105,0.89,-1,27,101,75
15/05/2019 12:46:1,0,28,107,0.88,-1,28,102,74
15/05/2019 12:46:2,0,28,106,0.89,-1,29,100,75
15/05/2019 12:46:3,0,28,107,0.88,-1,28,100,75
15/05/2019 12:46:4,0,28,106,0.89,-1,28,100,74
15/05/2019 12:46:5,0,28,107,0.88,-1,27,102,74
15/05/2019 12:47:00,0,28,106,0.89,-1,32,101,75
15/05/2019 12:47:1,0,28,107,0.88,-1,32,102,75
15/05/2019 12:47:2,0,27,106,0.88,-1,30,101,74
15/05/2019 12:47:3,0,28,106,0.88,-1,28,101,75
15/05/2019 12:47:4,0,28,106,0.88,-1,28,101,74
15/05/2019 12:47:5,0,28,106,0.89,-1,28,101,75
15/05/2019 12:48:00,0,28,105,0.89,-1,28,101,74
15/05/2019 12:48:1,0,29,107,0.88,-1,28,101,74
15/05/2019 12:48:2,0,29,106,0.88,-1,28,100,73
15/05/2019 12:48:3,0,29,105,0.89,-1,28,101,74
15/05/2019 12:48:4,0,28,107,0.88,-1,29,100,74
15/05/2019 12:48:5,0,29,106,0.88,-1,28,102,74
15/05/2019 12:49:00,0,28,106,0.88,-1,28,101,74
15/05/2019 12:49:1,0,29,105,0.89,-1,27,102,74
15/05/2019 12:49:2,0,29,105,0.89,-1,28,101,74
15/05/2019 12:49:3,0,29,107,0.88,-1,28,101,74
15/05/2019 12:49:4,0,28,106,0.88,-1,28,101,74
15/05/2019 12:49:5,0,29,106,0.88,-1,28,101,74
15/05/2019 12:50:00,0,29,106,0.89,-1,28,101,74
15/05/2019 12:50:1,0,29,106,0.88,-1,28,101,75
15/05/2019 12:50:2,0,29,107,0.88,-1,28,101,74
15/05/2019 12:50:3,0,29,106,0.88,-1,28,101,74
15/05/2019 12:50:4,0,29,106,0.89,-1,27,101,74
15/05/2019 12:50:5,0,29,107,0.88,-1,28,101,75
15/05/2019 12:51:00,0,29,106,0.88,-1,27,102,73
15/05/2019 12:51:1,0,29,106,0.89,-1,27,101,74
15/05/2019 12:51:2,0,29,105,0.89,-1,27,101,75
15/05/2019 12:51:3,0,29,107,0.88,-1,26,101,74
15/05/2019 12:51:4,0,29,106,0.88,-1,27,102,73
15/05/2019 12:51:5,0,29,106,0.88,-1,27,101,74
15/05/2019 12:52:00,0,29,107,0.88,-1,26,101,73
15/05/2019 12:52:1,0,29,107,0.88,-1,26,101,75
15/05/2019 12:52:2,0,29,107,0.88,-1,27,101,73
15/05/2019 12:52:3,0,29,108,0.88,-1,27,102,74
15/05/2019 12:52:4,0,29,109,0.88,-1,27,101,74
15/05/2019 12:53:00,0,29,109,0.88,-1,27,101,74
15/05/2019 12:53:1,0,29,106,0.89,-1,28,101,73
15/05/2019 12:53:2,0,29,107,0.88,-1,28,102,74
15/05/2019 12:53:3,0,29,107,0.88,-1,26,101,73
15/05/2019 12:53:4,0,29,107,0.88,-1,27,101,74
15/05/2019 12:53:5,0,29,108,0.88,-1,26,101,74
15/05/2019 12:54:00,0,29,108,0.88,-1,27,101,74
15/05/2019 12:54:1,0,29,107,0.88,-1,28,101,73
15/05/2019 12:54:2,0,29,107,0.88,-1,27,98,74
15/05/2019 12:54:3,0,30,106,0.88,-1,26,79,75
15/05/2019 12:54:4,0,29,107,0.88,-1,26,68,72
15/05/2019 12:54:5,0,29,108,0.88,-1,24,101,74
15/05/2019 12:55:00,0,29,106,0.88,-1,25,101,74
15/05/2019 12:55:1,0,29,109,0.88,-1,24,101,74
15/05/2019 12:55:2,0,29,108,0.88,-1,25,99,73
15/05/2019 12:55:3,0,29,107,0.88,-1,26,99,74
15/05/2019 12:55:4,0,29,108,0.88,-1,26,98,74
15/05/2019 12:55:5,0,29,107,0.88,-1,25,99,73
15/05/2019 12:56:00,0,29,108,0.88,-1,26,100,74
15/05/2019 12:56:1,0,30,108,0.88,-1,27,100,74
15/05/2019 12:56:2,0,29,107,0.88,-1,27,99,74
15/05/2019 12:56:3,0,29,108,0.88,-1,27,99,74
15/05/2019 12:56:4,0,30,108,0.88,-1,26,99,74
15/05/2019 12:56:5,0,30,107,0.88,-1,27,99,74
15/05/2019 12:57:00,0,29,108,0.88,-1,27,100,74
15/05/2019 12:57:1,0,29,106,0.88,-1,26,99,74
15/05/2019 12:57:2,0,29,108,0.88,-1,25,99,74
15/05/2019 12:57:3,0,29,105,0.89,-1,25,100,74
15/05/2019 12:57:4,0,29,105,0.89,-1,25,100,75
15/05/2019 12:57:5,0,30,104,0.89,-1,26,100,73
15/05/2019 12:58:00,0,30,100,0.89,-1,25,100,73
15/05/2019 12:58:1,0,30,99,0.89,-1,25,100,74
15/05/2019 12:58:2,0,30,94,0.89,-1,26,100,74
15/05/2019 12:58:3,0,30,94,0.89,-1,25,99,74
15/05/2019 12:58:4,0,30,91,0.89,-1,26,100,74
15/05/2019 12:58:5,0,30,89,0.89,-1,26,100,73
15/05/2019 12:59:00,0,30,86,0.89,-1,26,100,74
15/05/2019 12:59:1,0,30,85,0.89,-1,25,100,73
15/05/2019 12:59:2,0,30,78,0.89,-1,25,100,73
15/05/2019 12:59:3,0,30,72,0.89,-1,24,100,74
15/05/2019 12:59:4,0,30,70,0.89,-1,24,100,74
15/05/2019 12:59:5,0,30,69,0.89,-1,23,100,75
15/05/2019 13:00:00,0,29,59,0.89,-1,22,100,73
15/05/2019 13:00:1,0,29,48,0.89,-1,22,100,74
15/05/2019 13:00:2,0,29,39,0.89,-1,22,100,73
15/05/2019 13:00:3,0,29,32,0.89,-1,23,100,74
15/05/2019 13:00:4,0,29,25,0.89,-1,23,100,73
15/05/2019 13:00:5,0,29,18,0.89,-1,24,100,74
15/05/2019 13:01:00,0,29,17,0.89,-1,24,100,73
15/05/2019 13:01:1,0,29,15,0.89,-1,24,100,74
15/05/2019 13:01:2,0,28,11,0.9,-1,24,100,73
15/05/2019 13:01:3,0,28,9,0.9,-1,25,100,74
15/05/2019 13:01:4,0,28,7,0.9,-1,25,100,74
15/05/2019 13:01:5,0,28,4,0.9,-1,25,100,74
15/05/2019 13:02:00,0,28,3,0.9,-1,25,100,74
15/05/2019 13:02:1,0,28,1,0.9,-1,25,100,74
15/05/2019 13:02:2,0,28,0,0.9,-1,26,99,73
15/05/2019 13:02:3,0,28,-3,0.9,-1,26,100,74
15/05/2019 13:02:4,0,28,0,0.9,-1,26,100,73
15/05/2019 13:03:00,0,28,0,0.9,-1,26,100,73
15/05/2019 13:03:1,0,28,1,0.9,-1,26,100,74
15/05/2019 13:03:2,0,28,0,0.9,-1,26,100,74
15/05/2019 13:03:3,0,28,0,0.9,-1,26,100,73
15/05/2019 13:03:4,0,28,0,0.9,-1,26,100,73
15/05/2019 13:03:5,0,28,1,0.9,-1,27,99,74
15/05/2019 13:04:00,0,28,0,0.9,-1,27,100,73
15/05/2019 13:04:1,0,28,0,0.9,-1,27,100,74
15/05/2019 13:04:2,0,28,0,0.9,-1,27,100,74
15/05/2019 13:04:3,0,28,0,0.9,-1,27,100,74
15/05/2019 13:04:4,0,28,1,0.9,-1,27,100,74
15/05/2019 13:04:5,0,28,3,0.9,-1,27,100,73
15/05/2019 13:05:00,0,28,2,0.9,-1,27,100,73
15/05/2019 13:05:1,0,28,3,0.9,-1,27,100,73
15/05/2019 13:05:2,0,28,0,0.9,-1,27,100,73
15/05/2019 13:05:3,0,28,0,0.9,-1,28,100,73
15/05/2019 13:05:4,0,28,4,0.9,-1,27,99,73
15/05/2019 13:05:5,0,28,3,0.9,-1,27,100,74
15/05/2019 13:06:00,0,28,3,0.9,-1,27,100,73
15/05/2019 13:06:1,0,28,4,0.9,-1,27,100,73
15/05/2019 13:06:2,0,29,4,0.9,-1,28,100,73
15/05/2019 13:06:3,0,29,4,0.9,-1,28,100,73
15/05/2019 13:06:4,0,29,3,0.9,-1,28,100,73
15/05/2019 13:06:5,0,29,3,0.9,-1,28,100,73
15/05/2019 13:07:00,0,29,4,0.9,-1,28,100,71
15/05/2019 13:07:1,0,29,3,0.9,-1,28,100,73
15/05/2019 13:07:2,0,29,2,0.9,-1,28,100,73
15/05/2019 13:07:3,0,29,4,0.9,-1,28,100,72
15/05/2019 13:07:4,0,29,3,0.9,-1,28,100,72
15/05/2019 13:07:5,0,29,4,0.9,-1,28,99,73
15/05/2019 13:08:00,0,29,4,0.9,-1,28,100,72
15/05/2019 13:08:1,0,29,3,0.9,-1,28,100,73
15/05/2019 13:08:2,0,29,3,0.9,-1,29,100,73
15/05/2019 13:08:3,0,29,5,0.9,-1,29,100,74
15/05/2019 13:08:4,0,29,5,0.9,-1,29,100,72
15/05/2019 13:08:5,0,30,3,0.9,-1,29,98,74
15/05/2019 13:09:00,0,30,3,0.9,-1,29,100,72
15/05/2019 13:09:1,0,30,4,0.9,-1,29,100,74
15/05/2019 13:09:2,0,30,3,0.9,-1,29,100,73
15/05/2019 13:09:3,0,30,4,0.9,-1,29,100,73
15/05/2019 13:09:4,0,30,4,0.9,-1,29,96,73
15/05/2019 13:09:5,0,30,3,0.9,-1,29,100,73
15/05/2019 13:10:00,0,30,4,0.9,-1,29,100,72
15/05/2019 13:10:1,0,30,4,0.9,-1,29,100,73
15/05/2019 13:10:2,0,30,2,0.9,-1,29,100,73
15/05/2019 13:10:3,0,30,3,0.9,-1,29,100,73
15/05/2019 13:10:4,0,30,2,0.9,-1,29,100,73
15/05/2019 13:10:5,0,30,3,0.9,-1,29,100,73
15/05/2019 13:11:00,0,30,3,0.9,-1,29,100,73
15/05/2019 13:11:1,0,31,3,0.9,-1,30,100,74
15/05/2019 13:11:2,0,31,3,0.9,-1,30,100,72
15/05/2019 13:11:3,0,31,4,0.9,-1,30,100,72
15/05/2019 13:11:4,0,31,4,0.9,-1,30,100,73
15/05/2019 13:11:5,0,31,4,0.9,-1,30,100,73
15/05/2019 13:12:00,0,31,4,0.9,-1,30,100,73
15/05/2019 13:12:1,0,31,4,0.9,-1,29,100,73
15/05/2019 13:12:2,0,31,5,0.9,-1,29,100,72
15/05/2019 13:12:3,0,31,5,0.9,-1,28,99,73
15/05/2019 13:12:4,0,31,4,0.9,-1,28,100,72
15/05/2019 13:12:5,0,31,4,0.9,-1,28,100,73
15/05/2019 13:13:00,0,31,3,0.9,-1,28,100,72
15/05/2019 13:13:1,0,31,3,0.9,-1,28,99,72
15/05/2019 13:13:2,0,31,4,0.9,-1,28,100,72
15/05/2019 13:13:3,0,31,3,0.9,-1,28,99,72
15/05/2019 13:13:4,0,31,3,0.9,-1,28,99,72
15/05/2019 13:14:00,0,32,3,0.9,-1,28,100,72
15/05/2019 13:14:1,0,32,3,0.9,-1,28,100,73
15/05/2019 13:14:2,0,32,4,0.9,-1,28,100,72
15/05/2019 13:14:3,0,32,3,0.9,-1,28,100,71
15/05/2019 13:14:4,0,32,4,0.9,-1,27,100,72
15/05/2019 13:14:5,0,32,4,0.9,-1,28,100,72
15/05/2019 13:15:00,0,32,5,0.9,-1,28,100,71
15/05/2019 13:15:1,0,32,4,0.9,-1,28,100,72
15/05/2019 13:15:2,0,32,6,0.9,-1,28,100,71
15/05/2019 13:15:3,0,32,3,0.9,-1,28,100,72
15/05/2019 13:15:4,0,32,4,0.9,-1,28,100,72
15/05/2019 13:15:5,0,32,3,0.9,-1,28,100,71
15/05/2019 13:16:00,0,32,5,0.9,-1,28,100,72
15/05/2019 13:16:1,0,32,4,0.9,-1,28,100,73
15/05/2019 13:16:2,0,32,4,0.9,-1,28,100,72
15/05/2019 13:16:3,0,32,4,0.9,-1,28,100,73
15/05/2019 13:16:4,0,32,4,0.9,-1,28,100,72
15/05/2019 13:16:5,0,32,4,0.9,-1,28,100,72
15/05/2019 13:17:00,0,32,3,0.9,-1,28,100,72
15/05/2019 13:17:1,0,33,3,0.9,-1,28,100,72
15/05/2019 13:17:2,0,33,4,0.9,-1,29,100,72
15/05/2019 13:17:3,0,33,5,0.9,-1,29,100,72
15/05/2019 13:17:4,0,33,5,0.9,-1,29,100,72
15/05/2019 13:17:5,0,33,4,0.9,-1,28,100,72
15/05/2019 13:18:00,0,33,4,0.9,-1,28,100,73
15/05/2019 13:18:1,0,33,4,0.9,-1,28,100,72
15/05/2019 13:18:2,0,33,4,0.9,-1,28,100,72
15/05/2019 13:18:3,0,33,3,0.9,-1,28,100,73
15/05/2019 13:18:4,0,33,3,0.9,-1,29,100,72
15/05/2019 13:18:5,0,33,3,0.9,-1,28,100,72
15/05/2019 13:19:00,0,33,4,0.9,-1,28,100,72
15/05/2019 13:19:1,0,33,3,0.9,-1,28,100,72
15/05/2019 13:19:2,0,33,4,0.9,-1,29,100,72
15/05/2019 13:19:3,0,33,2,0.9,-1,28,100,72
15/05/2019 13:19:4,0,33,3,0.9,-1,28,99,73
15/05/2019 13:19:5,0,33,3,0.9,-1,28,99,73
15/05/2019 13:20:00,0,33,4,0.9,-1,28,100,72
15/05/2019 13:20:1,0,33,4,0.9,-1,28,100,72
15/05/2019 13:20:2,0,33,4,0.9,-1,28,100,72
15/05/2019 13:20:3,0,34,4,0.9,-1,28,99,72
15/05/2019 13:20:4,0,34,2,0.9,-1,28,27,72
15/05/2019 13:20:5,0,34,4,0.9,-1,28,99,72
15/05/2019 13:21:00,0,34,4,0.9,-1,28,99,72
15/05/2019 13:21:1,0,34,4,0.9,-1,28,99,72
15/05/2019 13:21:2,0,34,4,0.9,-1,28,98,72
15/05/2019 13:21:3,0,34,5,0.9,-1,28,99,72
15/05/2019 13:21:4,0,34,5,0.9,-1,28,78,72
15/05/2019 13:21:5,0,34,4,0.9,-1,28,99,72
15/05/2019 13:22:00,0,34,4,0.9,-1,28,100,72
15/05/2019 13:22:1,0,34,5,0.9,-1,28,100,71
15/05/2019 13:22:2,0,34,5,0.9,-1,28,100,71
15/05/2019 13:22:3,0,34,6,0.9,-1,28,99,72
15/05/2019 13:22:4,0,34,5,0.9,-1,28,100,71
15/05/2019 13:22:5,0,34,5,0.9,-1,26,99,71
15/05/2019 13:23:00,0,34,5,0.9,-1,26,99,72
15/05/2019 13:23:1,0,34,4,0.9,-1,26,99,72
15/05/2019 13:23:2,0,34,4,0.9,-1,26,99,72
15/05/2019 13:23:3,0,34,5,0.9,-1,27,99,72
15/05/2019 13:23:4,0,34,4,0.9,-1,27,99,71
15/05/2019 13:24:00,0,34,5,0.9,-1,26,99,72
15/05/2019 13:24:1,0,34,5,0.9,-1,27,0,72
15/05/2019 13:24:2,0,34,3,0.9,-1,27,99,71
15/05/2019 13:24:3,0,34,4,0.9,-1,26,93,72
15/05/2019 13:24:4,0,34,4,0.9,-1,25,99,72
15/05/2019 13:24:5,0,34,4,0.9,-1,26,99,72
15/05/2019 13:25:00,0,35,3,0.9,-1,26,99,73
15/05/2019 13:25:1,0,35,4,0.9,-1,26,99,72
15/05/2019 13:25:2,0,34,3,0.9,-1,25,100,72
15/05/2019 13:25:3,0,33,3,0.9,-1,24,101,72
15/05/2019 13:25:4,0,33,1,0.9,-1,21,101,71
15/05/2019 13:25:5,0,33,3,0.9,-1,20,101,71
15/05/2019 13:26:00,0,33,4,0.9,-1,21,101,71
15/05/2019 13:26:1,0,32,4,0.9,-1,21,101,72
15/05/2019 13:26:2,0,31,5,0.9,-1,21,101,71
15/05/2019 13:26:3,0,32,7,0.9,-1,22,101,72
15/05/2019 13:26:4,0,31,7,0.9,-1,22,101,71
15/05/2019 13:26:5,0,31,7,0.9,-1,21,102,72
15/05/2019 13:27:00,0,31,6,0.9,-1,21,101,71
15/05/2019 13:27:1,0,30,6,0.9,-1,22,101,71
15/05/2019 13:27:2,0,31,7,0.9,-1,22,101,72
15/05/2019 13:27:3,0,31,6,0.9,-1,23,101,70
15/05/2019 13:27:4,0,30,6,0.9,-1,23,102,72
15/05/2019 13:27:5,0,30,6,0.9,-1,22,101,72
15/05/2019 13:28:00,0,30,6,0.9,-1,22,101,71
15/05/2019 13:28:1,0,30,6,0.9,-1,22,101,72
15/05/2019 13:28:2,0,31,5,0.9,-1,23,101,71
15/05/2019 13:28:3,0,31,7,0.9,-1,23,101,71
15/05/2019 13:28:4,0,30,6,0.9,-1,23,101,71
15/05/2019 13:28:5,0,30,5,0.9,-1,23,101,71
15/05/2019 13:29:00,0,30,6,0.9,-1,22,101,71
15/05/2019 13:29:1,0,29,5,0.9,-1,22,101,70
15/05/2019 13:29:2,0,29,6,0.9,-1,22,101,71
15/05/2019 13:29:3,0,29,7,0.9,-1,24,102,72
15/05/2019 13:29:4,0,29,8,0.9,-1,24,101,71
15/05/2019 13:29:5,0,29,6,0.9,-1,22,101,70
15/05/2019 13:30:00,0,30,7,0.9,-1,22,101,70
15/05/2019 13:30:1,0,30,5,0.9,-1,23,101,71
15/05/2019 13:30:2,0,30,6,0.9,-1,22,101,71
15/05/2019 13:30:3,0,30,6,0.9,-1,22,101,71
15/05/2019 13:30:4,0,30,6,0.9,-1,22,101,71
15/05/2019 13:30:5,0,30,5,0.9,-1,21,101,71
15/05/2019 13:31:00,0,30,5,0.9,-1,22,101,71
15/05/2019 13:31:1,0,30,5,0.9,-1,22,101,70
15/05/2019 13:31:2,0,30,6,0.9,-1,23,101,71
15/05/2019 13:31:3,0,29,7,0.9,-1,23,101,71
15/05/2019 13:31:4,0,29,6,0.9,-1,23,97,71
15/05/2019 13:31:5,0,30,6,0.9,-1,22,101,71
15/05/2019 13:32:00,0,30,6,0.9,-1,22,101,71
15/05/2019 13:32:1,0,30,6,0.9,-1,22,101,71
15/05/2019 13:32:2,0,30,3,0.9,-1,22,101,72
15/05/2019 13:32:3,0,29,6,0.9,-1,22,101,70
15/05/2019 13:32:4,0,30,5,0.9,-1,23,101,70
15/05/2019 13:32:5,0,30,6,0.9,-1,23,101,71
15/05/2019 13:33:00,0,30,6,0.9,-1,23,101,70
15/05/2019 13:33:1,0,30,6,0.9,-1,23,101,71
15/05/2019 13:33:2,0,30,7,0.9,-1,24,101,71
15/05/2019 13:33:3,0,30,8,0.9,-1,24,101,71
15/05/2019 13:33:4,0,30,7,0.9,-1,24,101,70
15/05/2019 13:33:5,0,30,6,0.9,-1,23,101,70
15/05/2019 13:34:00,0,29,5,0.9,-1,22,17,70
15/05/2019 13:34:1,0,30,6,0.9,-1,22,101,71
15/05/2019 13:34:2,0,30,6,0.9,-1,23,101,71
15/05/2019 13:34:3,0,30,6,0.9,-1,23,101,71
15/05/2019 13:34:4,0,30,5,0.9,-1,24,101,71
15/05/2019 13:35:00,0,30,6,0.9,-1,23,101,71
15/05/2019 13:35:1,0,30,6,0.9,-1,23,101,71
15/05/2019 13:35:2,0,29,6,0.9,-1,23,101,70
15/05/2019 13:35:3,0,29,6,0.9,-1,23,101,71
15/05/2019 13:35:4,0,29,6,0.9,-1,23,101,70
15/05/2019 13:35:5,0,29,7,0.9,-1,22,101,71
15/05/2019 13:36:00,0,29,6,0.9,-1,22,101,71
15/05/2019 13:36:1,0,29,6,0.9,-1,23,101,71
15/05/2019 13:36:2,0,29,6,0.9,-1,22,101,71
15/05/2019 13:36:3,0,29,7,0.9,-1,21,101,71
15/05/2019 13:36:4,0,29,5,0.9,-1,22,101,71
15/05/2019 13:36:5,0,28,4,0.9,-1,22,100,70
15/05/2019 13:37:00,0,27,7,0.9,-1,22,101,71
15/05/2019 13:37:1,0,28,6,0.9,-1,23,101,70
15/05/2019 13:37:2,0,28,5,0.9,-1,24,100,70
15/05/2019 13:37:3,0,28,6,0.9,-1,24,101,71
15/05/2019 13:37:4,0,28,5,0.9,-1,24,101,70
15/05/2019 13:37:5,0,28,5,0.9,-1,24,101,70
15/05/2019 13:38:00,0,29,5,0.9,-1,23,101,71
15/05/2019 13:38:1,0,29,6,0.9,-1,24,101,70
15/05/2019 13:38:2,0,29,6,0.9,-1,24,101,71
15/05/2019 13:38:3,0,29,8,0.9,-1,24,101,70
15/05/2019 13:38:4,0,29,7,0.9,-1,23,101,70
15/05/2019 13:38:5,0,29,6,0.9,-1,24,101,71
15/05/2019 13:39:00,0,29,5,0.9,-1,24,101,70
15/05/2019 13:39:1,0,29,6,0.9,-1,24,101,70
15/05/2019 13:39:2,0,29,5,0.9,-1,24,101,70
15/05/2019 13:39:3,0,29,6,0.9,-1,24,101,70
15/05/2019 13:39:4,0,29,5,0.9,-1,24,101,69
15/05/2019 13:39:5,0,29,7,0.9,-1,25,101,70
15/05/2019 13:40:00,0,29,6,0.9,-1,25,101,71
15/05/2019 13:40:1,0,29,5,0.9,-1,25,101,70
15/05/2019 13:40:2,0,29,6,0.9,-1,25,101,70
15/05/2019 13:40:3,0,29,7,0.9,-1,25,101,70
15/05/2019 13:40:4,0,29,4,0.9,-1,26,101,70
15/05/2019 13:40:5,0,29,4,0.9,-1,26,101,70
15/05/2019 13:41:00,0,29,7,0.9,-1,26,101,71
15/05/2019 13:41:1,0,29,5,0.9,-1,26,102,70
15/05/2019 13:41:2,0,29,6,0.9,-1,25,101,71
15/05/2019 13:41:3,0,29,6,0.9,-1,26,102,69
15/05/2019 13:41:4,0,29,9,0.9,-1,26,102,71
15/05/2019 13:41:5,0,29,6,0.9,-1,26,102,70
15/05/2019 13:42:00,0,29,6,0.9,-1,26,101,69
15/05/2019 13:42:1,0,29,8,0.9,-1,25,101,70
15/05/2019 13:42:2,0,29,5,0.9,-1,25,101,69
15/05/2019 13:42:3,0,29,6,0.9,-1,25,100,70
15/05/2019 13:42:4,0,29,7,0.9,-1,25,100,70
15/05/2019 13:42:5,0,29,5,0.9,-1,25,100,70
15/05/2019 13:43:00,0,29,6,0.9,-1,25,100,69
15/05/2019 13:43:1,0,30,4,0.9,-1,25,100,69
15/05/2019 13:43:2,0,30,4,0.9,-1,25,100,71
15/05/2019 13:43:3,0,30,4,0.9,-1,25,100,70
15/05/2019 13:43:4,0,30,4,0.9,-1,25,100,69
15/05/2019 13:43:5,0,30,5,0.9,-1,25,100,69
15/05/2019 13:44:00,0,30,6,0.9,-1,25,100,70
15/05/2019 13:44:1,0,30,4,0.9,-1,25,100,69
15/05/2019 13:44:2,0,30,6,0.9,-1,25,100,69
15/05/2019 13:44:3,0,30,5,0.9,-1,26,100,70
15/05/2019 13:44:4,0,30,7,0.9,-1,25,100,69
15/05/2019 13:44:5,0,30,5,0.9,-1,25,101,69
15/05/2019 13:45:00,0,30,5,0.9,-1,25,100,70
15/05/2019 13:45:1,0,30,5,0.9,-1,25,100,69
15/05/2019 13:45:2,0,31,7,0.9,-1,25,100,69
15/05/2019 13:45:3,0,31,7,0.9,-1,25,100,70
15/05/2019 13:45:4,0,31,6,0.9,-1,25,100,69
15/05/2019 13:46:00,0,31,6,0.9,-1,25,100,69
15/05/2019 13:46:1,0,31,5,0.9,-1,25,100,69
15/05/2019 13:46:2,0,31,5,0.9,-1,25,100,69
15/05/2019 13:46:3,0,31,4,0.9,-1,25,100,69
15/05/2019 13:46:4,0,31,5,0.9,-1,25,100,69
15/05/2019 13:46:5,0,31,5,0.9,-1,26,100,70
15/05/2019 13:47:00,0,31,5,0.9,-1,26,101,69
15/05/2019 13:47:1,0,31,6,0.9,-1,25,102,69
15/05/2019 13:47:2,0,31,5,0.9,-1,25,100,70
15/05/2019 13:47:3,0,31,5,0.9,-1,24,101,69
15/05/2019 13:47:4,0,31,6,0.9,-1,24,101,69
15/05/2019 13:47:5,0,31,7,0.9,-1,24,101,69
15/05/2019 13:48:00,0,31,7,0.9,-1,23,101,69
15/05/2019 13:48:1,0,30,6,0.9,-1,22,101,69
15/05/2019 13:48:2,0,30,6,0.9,-1,22,100,69
15/05/2019 13:48:3,0,31,6,0.9,-1,23,100,69
15/05/2019 13:48:4,0,31,4,0.9,-1,24,100,69
15/05/2019 13:48:5,0,31,6,0.9,-1,23,100,69
15/05/2019 13:49:00,11,31,6,0.9,-1,23,100,69
15/05/2019 13:49:1,0,31,6,0.9,-1,24,100,69
15/05/2019 13:49:2,0,30,6,0.9,-1,24,100,69
15/05/2019 13:49:3,0,30,6,0.9,-1,24,100,69
15/05/2019 13:49:4,0,30,5,0.9,-1,24,100,69
15/05/2019 13:49:5,0,30,6,0.9,-1,24,100,70
15/05/2019 13:50:00,0,30,5,0.9,-1,23,101,69
15/05/2019 13:50:1,0,30,5,0.9,-1,24,100,69
15/05/2019 13:50:2,0,30,6,0.9,-1,24,100,69
15/05/2019 13:50:3,0,31,6,0.9,-1,25,100,69
15/05/2019 13:50:4,0,30,6,0.9,-1,25,100,69
15/05/2019 13:50:5,0,31,6,0.9,-1,25,100,69
15/05/2019 13:51:00,0,30,6,0.9,-1,25,101,69
15/05/2019 13:51:1,0,30,7,0.9,-1,26,101,69
15/05/2019 13:51:2,0,30,6,0.9,-1,26,101,69
15/05/2019 13:51:3,0,30,6,0.9,-1,28,101,69
15/05/2019 13:51:4,0,31,7,0.9,-1,29,101,69
15/05/2019 13:51:5,0,30,6,0.9,-1,27,101,69
15/05/2019 13:52:00,0,30,5,0.9,-1,27,101,69
15/05/2019 13:52:1,0,30,6,0.9,-1,28,101,69
15/05/2019 13:52:2,0,30,6,0.9,-1,27,101,70
15/05/2019 13:52:3,0,30,6,0.9,-1,27,101,69
15/05/2019 13:52:4,0,30,6,0.9,-1,29,101,69
15/05/2019 13:52:5,0,29,7,0.9,-1,30,101,70
15/05/2019 13:53:00,0,30,5,0.9,-1,30,101,69
15/05/2019 13:53:1,0,30,6,0.9,-1,31,101,69
15/05/2019 13:53:2,0,29,6,0.9,-1,30,101,69
15/05/2019 13:53:3,0,29,8,0.9,-1,30,101,69
15/05/2019 13:53:4,0,29,7,0.9,-1,31,101,69
15/05/2019 13:53:5,0,29,7,0.9,-1,31,101,69
15/05/2019 13:54:00,0,29,7,0.9,-1,31,101,69
15/05/2019 13:54:1,0,29,7,0.9,-1,31,101,69
15/05/2019 13:54:2,0,29,7,0.9,-1,32,101,69
15/05/2019 13:54:3,0,30,6,0.9,-1,32,101,69
15/05/2019 13:54:4,0,30,7,0.9,-1,31,101,69
15/05/2019 13:54:5,0,29,7,0.9,-1,30,101,69
15/05/2019 13:55:00,0,29,7,0.9,-1,30,101,69
15/05/2019 13:55:1,0,29,6,0.9,-1,30,101,69
15/05/2019 13:55:2,0,29,7,0.9,-1,30,101,69
15/05/2019 13:55:3,0,29,5,0.9,-1,30,101,69
15/05/2019 13:55:4,0,29,6,0.9,-1,30,101,69
15/05/2019 13:56:00,0,29,6,0.9,-1,30,101,69
15/05/2019 13:56:1,0,28,6,0.9,-1,31,101,69
15/05/2019 13:56:2,0,28,6,0.9,-1,32,101,69
15/05/2019 13:56:3,0,29,7,0.9,-1,32,101,69
15/05/2019 13:56:4,0,29,7,0.9,-1,33,101,69
15/05/2019 13:56:5,0,29,6,0.9,-1,32,101,68
15/05/2019 13:57:00,0,29,7,0.9,-1,32,101,69
15/05/2019 13:57:1,0,28,8,0.9,-1,32,101,69
15/05/2019 13:57:2,0,29,7,0.9,-1,32,101,69
15/05/2019 13:57:3,0,28,6,0.9,-1,32,101,69
15/05/2019 13:57:4,0,28,5,0.9,-1,32,101,69
15/05/2019 13:57:5,0,28,4,0.9,-1,33,101,69
15/05/2019 13:58:00,0,28,5,0.9,-1,29,101,69
15/05/2019 13:58:1,0,28,6,0.9,-1,27,101,69
15/05/2019 13:58:2,0,28,6,0.9,-1,27,101,69
15/05/2019 13:58:3,0,29,5,0.9,-1,27,101,69
15/05/2019 13:58:4,0,28,6,0.9,-1,27,101,69
15/05/2019 13:58:5,0,29,9,0.9,-1,27,101,69
15/05/2019 13:59:00,0,27,7,0.9,-1,31,101,69
15/05/2019 13:59:1,0,28,7,0.9,-1,32,101,68
15/05/2019 13:59:2,0,28,7,0.9,-1,33,101,69
15/05/2019 13:59:3,0,28,6,0.9,-1,32,101,69
15/05/2019 13:59:4,0,28,6,0.9,-1,31,101,68
15/05/2019 13:59:5,0,28,6,0.9,-1,31,101,69
15/05/2019 14:00:00,0,29,6,0.9,-1,30,101,69
15/05/2019 14:00:1,0,29,6,0.9,-1,30,101,69
15/05/2019 14:00:2,0,29,6,0.9,-1,31,101,69
15/05/2019 14:00:3,0,29,5,0.9,-1,31,101,69
15/05/2019 14:00:4,0,29,7,0.9,-1,29,101,69
15/05/2019 14:00:5,0,29,7,0.9,-1,28,101,69
15/05/2019 14:01:00,0,29,7,0.9,-1,29,100,69
15/05/2019 14:01:1,0,29,7,0.9,-1,31,101,68
15/05/2019 14:01:2,0,28,8,0.9,-1,33,101,69
15/05/2019 14:01:3,0,29,8,0.9,-1,34,101,69
15/05/2019 14:01:4,0,29,8,0.9,-1,34,101,69
15/05/2019 14:01:5,0,29,8,0.9,-1,34,101,69
15/05/2019 14:02:00,0,29,8,0.9,-1,34,101,69
15/05/2019 14:02:1,0,29,6,0.9,-1,34,101,69
15/05/2019 14:02:2,0,29,7,0.9,-1,33,101,68
15/05/2019 14:02:3,0,28,7,0.9,-1,33,101,68
15/05/2019 14:02:4,0,29,7,0.9,-1,34,101,68
15/05/2019 14:02:5,0,29,7,0.9,-1,34,101,69
15/05/2019 14:03:00,0,29,7,0.9,-1,34,101,69
15/05/2019 14:03:1,0,29,7,0.9,-1,33,101,69
15/05/2019 14:03:2,0,29,8,0.9,-1,33,101,69
15/05/2019 14:03:3,0,28,7,0.9,-1,33,101,69
15/05/2019 14:03:4,0,28,8,0.9,-1,33,101,69
15/05/2019 14:03:5,0,28,8,0.9,-1,35,101,69
15/05/2019 14:04:00,0,27,8,0.9,-1,36,101,68
15/05/2019 14:04:1,0,28,9,0.9,-1,37,101,69
15/05/2019 14:04:2,0,29,8,0.9,-1,37,101,68
15/05/2019 14:04:3,0,29,7,0.9,-1,37,101,68
15/05/2019 14:04:4,0,28,7,0.9,-1,35,101,68
15/05/2019 14:04:5,0,28,6,0.9,-1,35,101,68
15/05/2019 14:05:00,0,29,7,0.9,-1,35,101,69
15/05/2019 14:05:1,0,29,7,0.9,-1,34,101,69
15/05/2019 14:05:2,0,29,7,0.9,-1,34,101,68
15/05/2019 14:05:3,0,29,7,0.9,-1,35,101,69
15/05/2019 14:05:4,0,29,7,0.9,-1,35,101,68
15/05/2019 14:06:00,0,29,8,0.9,-1,35,101,68
15/05/2019 14:06:1,0,29,7,0.9,-1,36,101,68
15/05/2019 14:06:2,0,29,8,0.9,-1,36,101,68
15/05/2019 14:06:3,0,28,9,0.9,-1,36,101,69
15/05/2019 14:06:4,0,28,8,0.9,-1,36,101,69
15/05/2019 14:06:5,0,29,8,0.9,-1,35,101,67
15/05/2019 14:07:00,0,29,8,0.9,-1,34,101,68
15/05/2019 14:07:1,0,28,8,0.9,-1,33,101,69
15/05/2019 14:07:2,0,28,8,0.9,-1,32,101,68
15/05/2019 14:07:3,0,28,9,0.9,-1,32,101,68
15/05/2019 14:07:4,0,28,8,0.9,-1,34,101,69
15/05/2019 14:07:5,0,28,7,0.9,-1,34,101,68
15/05/2019 14:08:00,0,28,9,0.9,-1,34,101,68
15/05/2019 14:08:1,0,28,8,0.9,-1,35,101,68
15/05/2019 14:08:2,0,28,9,0.9,-1,35,101,68
15/05/2019 14:08:3,0,28,9,0.9,-1,34,101,68
15/05/2019 14:08:4,0,28,8,0.9,-1,35,101,67
15/05/2019 14:08:5,0,28,8,0.9,-1,35,101,68
15/05/2019 14:09:00,0,28,9,0.9,-1,35,101,69
15/05/2019 14:09:1,0,28,9,0.9,-1,35,101,68
15/05/2019 14:09:2,0,29,8,0.9,-1,35,101,68
15/05/2019 14:09:3,0,29,8,0.9,-1,35,101,68
15/05/2019 14:09:4,0,28,8,0.9,-1,34,101,68
15/05/2019 14:09:5,0,28,8,0.9,-1,35,101,68
15/05/2019 14:10:00,0,28,7,0.9,-1,35,101,68
15/05/2019 14:10:1,0,28,8,0.9,-1,36,101,68
15/05/2019 14:10:2,0,28,8,0.9,-1,37,101,69
15/05/2019 14:10:3,0,28,10,0.9,-1,36,101,68
15/05/2019 14:10:4,0,28,11,0.9,-1,36,101,68
15/05/2019 14:10:5,0,28,11,0.9,-1,36,101,68
15/05/2019 14:11:00,0,28,10,0.9,-1,36,101,68
15/05/2019 14:11:1,0,29,9,0.9,-1,37,101,68
15/05/2019 14:11:2,0,29,9,0.9,-1,36,101,68
15/05/2019 14:11:3,0,28,7,0.9,-1,36,101,68
15/05/2019 14:11:4,0,28,9,0.9,-1,36,101,68
15/05/2019 14:11:5,0,28,9,0.9,-1,37,101,68
15/05/2019 14:12:00,0,27,9,0.9,-1,36,101,68
15/05/2019 14:12:1,0,27,10,0.9,-1,36,101,68
15/05/2019 14:12:2,0,27,8,0.9,-1,36,100,68
15/05/2019 14:12:3,0,26,9,0.9,-1,37,101,67
15/05/2019 14:12:4,0,27,9,0.9,-1,37,101,68
15/05/2019 14:12:5,0,27,8,0.9,-1,39,101,68
15/05/2019 14:13:00,0,26,9,0.9,-1,38,101,68
15/05/2019 14:13:1,0,26,10,0.9,-1,38,101,66
15/05/2019 14:13:2,0,26,10,0.9,-1,39,101,68
15/05/2019 14:13:3,0,25,8,0.9,-1,39,101,67
15/05/2019 14:13:4,0,25,8,0.9,-1,41,101,68
15/05/2019 14:13:5,0,25,8,0.9,-1,41,101,68
15/05/2019 14:14:00,0,25,8,0.9,-1,41,101,68
15/05/2019 14:14:1,0,26,7,0.9,-1,42,101,67
15/05/2019 14:14:2,0,26,9,0.9,-1,40,101,67
15/05/2019 14:14:3,0,26,9,0.9,-1,39,101,67
15/05/2019 14:14:4,0,26,5,0.9,-1,39,101,67
15/05/2019 14:14:5,0,26,7,0.9,-1,39,101,68
15/05/2019 14:15:00,0,26,6,0.9,-1,39,101,68
15/05/2019 14:15:1,0,25,11,0.9,-1,39,101,67
15/05/2019 14:15:2,0,25,8,0.9,-1,39,102,67
15/05/2019 14:15:3,0,25,8,0.9,-1,39,101,67
15/05/2019 14:15:4,0,25,9,0.9,-1,39,101,68
15/05/2019 14:15:5,0,26,7,0.9,-1,40,101,68
15/05/2019 14:16:00,0,26,7,0.9,-1,39,101,68
15/05/2019 14:16:1,0,26,8,0.9,-1,40,101,67
15/05/2019 14:16:2,0,25,2,0.9,-1,41,101,67
15/05/2019 14:16:3,0,25,7,0.9,-1,42,97,67
15/05/2019 14:16:4,0,26,7,0.9,-1,42,73,66
15/05/2019 14:17:00,0,26,8,0.9,-1,42,98,67
15/05/2019 14:17:1,0,26,7,0.9,-1,41,98,66
15/05/2019 14:17:2,0,26,7,0.9,-1,40,86,67
15/05/2019 14:17:3,0,26,7,0.9,-1,40,98,68
15/05/2019 14:17:4,0,27,6,0.9,-1,40,97,67
15/05/2019 14:17:5,0,27,3,0.9,-1,40,98,67
15/05/2019 14:18:00,0,27,3,0.9,-1,39,97,68
15/05/2019 14:18:1,0,27,1,0.9,-1,39,101,68
15/05/2019 14:18:2,0,26,3,0.9,-1,38,100,67
15/05/2019 14:18:3,0,27,3,0.9,-1,39,98,67
15/05/2019 14:18:4,0,27,4,0.9,-1,39,100,67
15/05/2019 14:18:5,0,27,6,0.9,-1,38,100,67
15/05/2019 14:19:00,0,27,5,0.9,-1,39,100,66
15/05/2019 14:19:1,0,27,4,0.9,-1,40,100,67
15/05/2019 14:19:2,0,26,4,0.9,-1,40,99,68
15/05/2019 14:19:3,0,26,3,0.9,-1,40,34,67
15/05/2019 14:19:4,0,26,4,0.9,-1,40,2,67
15/05/2019 14:19:5,0,26,5,0.9,-1,42,100,66
15/05/2019 14:20:00,0,27,5,0.9,-1,42,97,66
